,A2M,GP6,MYD88,SP1,EPS8,HSP90B1,PRTN3,CEBPB,SPI1,TRIP6,LILRB2,TICAM1,RIPK2,GATA2,GATA3,CLEC7A,IRAK1,HMGB1,PF4,IRF3,TRIM21,LY96,ITGA4,TLR6,CLEC4M,MAPK8IP3,BID,BLK,BLVRB,PTPN1,PTPN11,ADRB2,UBE2D2,FCAR,FCGR1A,FCGR2A,FCGR2B,UBE2N,IL1R2,ARFGAP3,PIK3R1,CMA1,HRAS,SYK,NFYB,AGFG1,NFYC,TOLLIP,HRG,CCL4,CCL5,GNAI2,PLCG2,MMP2,EEA1,PLG,MMP9,COPS5,BAG6,PLS1,SDC1,RAC1,DPP4,ATG16L1,FOS,SGTA,SHC1,CASP1,FAHD2A,APCS,CASP4,POMGNT1,APEX1,CRTC1,APP,LCP2,CBL,CXCL2,CREBBP,LGALS3,CRKL,CRP,FOSL1,ZNF675,CRYAB,PPP3R1,LAT,CD14,EGFR,EGR1,CSNK2A1,TLR1,TLR2,ELAVL1,ARPIN,IL1B,IL1R1,LYN,ACKR1,IL1RAP,FYN,ENO1,CTSL,PIK3R5,HCK,EP300,MAPK8IP2,CXCL8,CXCR1,CXCR2
CD.18,3.790102256,5.952477747,9.751599137,3.878382937,4.732982119,3.996449386,2.449101746,11.95949621,6.135452481,5.364084889,7.896646104,5.637157235,6.077277365,6.360757585,5.189995712,9.132342764,9.29540258,9.72495737,11.74551778,6.718943952,7.546024861,8.011272026,6.016243011,5.530105583,3.212156367,4.929564764,7.250343232,5.302969358,9.472439746,4.058450622,4.704926436,6.45284094,7.184041471,4.754306682,3.570986067,7.791725282,5.514771667,8.40676847,4.020918455,7.296231566,7.247556928,2.623335484,5.506506686,5.169492021,4.656890466,5.390659213,5.282287168,5.873702205,4.388432376,6.365115035,10.52708849,8.672263126,7.131332616,5.719043831,1.746522383,1.53374306,6.399830372,6.886587638,9.100191689,2.31316098,3.781600161,10.34312753,3.955706578,3.75556522,11.54583468,5.603262225,6.886739661,7.279277376,5.613702096,5.264854546,5.956757975,5.490225794,8.886938493,5.446811392,7.387850074,7.698979474,4.130461584,9.346144793,7.155046599,11.32141268,7.403976584,3.314887416,4.985721341,3.666561852,5.53084999,7.329106138,7.178852773,9.715297027,3.916107696,10.15883235,6.359020595,6.050937323,7.593930058,6.492287733,5.83515817,7.584931419,3.562667533,8.974194289,3.531382052,2.579279867,7.342288219,8.03474455,7.163718281,7.389739558,7.430290344,6.745997041,4.799056169,10.37375867,3.806895884,3.698676589
CD.19,2.099083377,5.575813086,10.60299914,3.139035026,4.980656161,5.123923764,4.888079784,12.4607712,6.448890845,4.592220198,9.085693992,4.982501286,5.966782537,6.285805415,5.327862561,9.570917864,8.855105708,9.535678137,11.78226283,7.730159155,8.236860787,10.3566468,6.886401503,5.091784495,3.672612209,4.63503246,7.844954484,4.555559006,7.687560907,3.022932839,4.48765162,4.967127162,7.512862427,4.766625432,5.048577849,9.905924814,6.785387852,7.588706112,6.752979821,7.530543176,5.431500064,1.231760797,5.292909365,6.873049716,4.807056204,5.69121996,6.443340167,5.792864688,4.2192301,4.324435053,9.404181461,8.933393613,7.862618116,5.000107168,1.754007152,2.440840883,9.53490405,8.071670291,8.573862769,5.26200068,4.968253901,9.607828208,4.771245803,2.366763658,12.08829261,4.738157195,6.19105631,9.442480651,5.398042858,4.444507359,6.822118512,6.010890672,8.638850767,5.121934032,6.313542787,8.822898542,5.384047756,5.807138063,5.605570011,9.922787149,7.039787111,2.695806849,4.978828067,3.549933211,5.394740056,5.834678247,7.378172263,10.73256852,3.43600671,9.671716446,5.282160217,6.623694766,8.841205975,7.070700848,5.003960515,7.545909023,4.839906893,9.43060314,2.636687076,4.334369039,7.650396411,8.985368789,6.107583772,7.41878928,10.27767593,5.490372817,3.75317969,11.42029679,8.132837833,9.612862199
CD.20,4.236214918,5.282509851,10.50615994,4.868636126,5.243702563,6.574639972,1.424633265,12.16004044,6.489984512,5.405455745,8.960956323,5.631266964,5.980538566,6.120453235,4.042750875,9.368729957,9.043683904,9.776963376,11.71048316,6.691718266,6.456971336,9.948447611,7.841712135,5.899960754,3.835991996,4.609826251,8.250048337,4.990111623,9.104162354,3.751729571,5.62198809,5.917275028,7.304418713,5.811273835,4.53387645,10.10731889,6.580776791,7.598531637,6.826500682,7.017994038,5.641919967,3.881121986,5.66370661,7.596285394,5.2787493,6.178043773,6.645511733,6.757440896,4.670962651,6.527051671,8.926500315,9.350659951,7.935736657,4.536921317,2.81961278,1.525088125,8.842807968,7.840397289,8.577656192,4.296953101,4.142012844,9.737531383,4.165028135,1.965107369,11.56689509,5.260439109,6.975273802,9.710184689,5.856669941,5.088808196,6.33704598,4.604690116,8.743004015,4.683627741,6.706595908,8.624822998,5.465274624,8.5182799,6.880415595,10.43741224,7.237120881,1.808804145,6.066580343,2.996860281,5.185765445,6.122586261,6.082702186,11.28106595,3.156712701,9.854403408,5.599146013,7.300424832,8.884038215,7.315909318,4.41393055,8.586013762,4.146283319,9.955089809,2.938340135,5.067159838,7.678040619,9.174027911,6.982749061,7.494771142,10.5165456,6.50475902,4.101923791,11.61577469,7.430706907,9.041543106
CD.21,4.398508663,5.074723986,9.727731096,1.233579007,3.502637791,6.704129366,5.069019017,12.03569971,5.495236755,5.504967957,7.75406641,5.592074628,6.4614152,6.021512638,6.075642119,9.229171323,9.243908327,9.863578714,10.21220074,7.044028349,7.310675425,8.682551058,6.59844183,4.750545843,3.856818429,4.626481275,7.412690401,5.450161437,7.439252985,3.472200609,4.745931902,5.596310625,7.392005573,5.201472042,3.937874659,8.677635118,6.809497718,8.329371598,6.758254102,7.797570744,7.333136139,2.63584353,6.081029151,4.613985274,4.834301095,5.754644837,6.041546552,5.386041242,4.445040882,7.721735291,9.67696472,7.942106718,7.275717602,4.691434828,1.936892169,1.958825418,8.39623617,7.485680582,8.31600022,5.071779712,3.64312514,9.596716335,4.039493756,2.420918767,11.48802864,4.54778271,6.351974549,7.801517517,5.612031872,4.805552192,6.370857507,3.991992622,8.678464531,4.453600278,6.130660874,8.022882527,4.962594217,8.80942622,5.548487232,9.862805029,7.268044531,2.560730366,4.853348226,3.026059836,3.645737413,5.482278708,6.620465165,9.61969956,3.560785656,8.078343311,5.590513319,6.907092719,8.03116954,6.775469013,4.043025345,7.847874713,3.954522344,9.462189099,2.243877967,5.395047069,8.003022071,8.78218231,6.439351812,7.55466991,7.667878574,6.482362266,3.961067816,11.3451798,5.74860583,6.087507312
CD.22,3.659424125,4.103548679,10.02532865,2.059744335,5.52727148,6.605962379,3.622820397,12.09451669,4.575332418,5.563683523,8.956018824,4.365966129,6.863564211,6.462391354,5.678766005,10.34749075,9.06280616,9.6430661,10.54508734,6.149886796,6.719911289,9.398822209,7.645403736,5.277118625,4.438191797,4.489597293,7.930268482,3.26998645,7.64173399,3.632388133,5.150137579,6.344745814,7.451083769,4.977650401,3.429555935,9.493820819,7.501940128,8.092279645,9.152535454,8.084868061,6.533428471,3.933418806,5.161803215,6.794482118,5.193506496,6.19053413,6.197784441,5.972527321,4.556800131,7.025198643,9.108494214,7.595885937,7.131676619,5.207462775,2.410799834,2.103710218,8.226880723,7.698625544,8.380035969,2.692656066,3.808714169,9.523473086,4.610644996,2.369284424,11.75309736,3.98387576,5.167330079,8.801746597,5.674167383,4.948822207,6.265472874,4.948320901,8.813357368,4.656032753,6.393162455,8.066669588,5.934629906,7.848275317,6.248527139,10.10731889,7.202607208,1.547615397,3.205598231,3.782151541,5.589919231,5.563786888,6.674299344,9.685799317,3.652856368,8.216725368,5.347432947,6.946703811,9.377272316,6.958430439,4.737903534,6.754235379,4.368839009,9.634152824,2.217183761,5.9964131,7.61083962,8.465881465,6.265518982,7.18908208,9.089208795,5.664672461,3.665745567,11.58541061,6.501491425,6.797344034
CD.23,5.064193816,5.156008686,9.966738877,2.252252213,5.060927076,5.254395427,4.240442318,11.32141268,5.966833789,6.102875871,8.053316737,5.662981406,7.62117539,6.093754624,5.810991257,8.317867581,10.30827448,9.258057083,10.99016291,5.651614522,6.551335964,7.82699431,6.194439684,4.688842517,3.143513749,4.737349849,8.377036979,4.862226781,7.699577055,4.199101265,5.592896792,7.103208237,7.683867527,6.477889181,3.732901795,8.448405724,3.678217518,8.179533342,7.616272061,8.818280806,7.157654027,2.931995659,6.0398264,5.276419226,4.682266012,6.542583369,6.19787893,6.862056438,4.217121477,12.41418236,10.33651887,8.239442108,7.076012478,4.850688388,2.608295869,1.466013523,8.052940797,5.991008188,8.751293088,4.897688021,3.376707702,10.35424383,3.723919393,3.576144311,11.21198609,5.440301572,6.811665823,8.395772428,4.596638537,5.0193534,6.174566515,4.897954373,8.307999183,4.997581294,6.360751585,8.442583369,5.339305828,11.91696251,6.342518692,11.11775991,7.330173869,2.655252262,5.342815791,4.052204569,6.15385539,5.866632364,7.125224326,10.29186314,3.604143567,10.12874466,5.96242954,6.080459177,9.993641053,6.905826556,5.326795439,12.59548861,8.009092848,9.916454122,2.729771044,4.290464773,8.662918906,9.863261235,11.04640795,8.411117384,8.786642907,5.291028495,4.28301828,12.41590455,3.867789093,5.62106709
CD.24,2.566284175,4.710669103,9.758995514,2.271904828,3.673095699,6.197185932,3.231834148,12.18112781,4.694939275,5.12931588,8.75817642,6.019560891,7.023952804,5.945781433,6.62907429,9.124332275,9.18566976,9.70685306,10.87155269,7.367498228,7.24028397,8.37798354,7.026666645,4.995633764,3.356010533,4.763934583,6.981823862,4.780347951,7.970954062,3.856419059,4.562476786,5.897940712,7.553553079,4.620010903,3.361320704,9.101914565,7.710756584,8.32613473,5.427463462,7.765857497,6.186916124,3.979087815,6.091862648,6.059710062,5.24540989,5.28675159,6.155064877,5.698394467,4.260291863,7.935128509,9.997600529,8.712267039,7.516224937,4.02406409,2.468804127,3.206003964,7.417459091,7.702582966,9.23822697,2.330285055,4.692665128,9.325198993,5.361322624,4.072372176,11.83328719,5.611398055,6.384303536,8.490767419,6.535463039,3.617171168,6.199470984,5.421489145,8.601590741,5.328643832,6.133565436,8.490368281,5.132398279,8.707902628,6.587577031,10.10242119,6.905100321,1.809826819,5.420700662,3.297907232,3.941008446,5.121292015,7.730430693,9.780343376,2.99053754,8.267640695,4.904612926,6.302110167,7.880536861,6.743783542,4.665434202,8.37550122,3.239205019,8.484309918,2.465511103,3.570114303,8.026963781,8.530359859,5.92993924,7.057105731,8.77710022,6.404506945,4.024377902,10.76330778,3.053239041,5.34713707
CD.25,1.694726815,5.177738701,9.758995514,3.072004271,4.803836145,6.948896111,3.76016507,11.62175903,6.005009033,5.176999297,7.774740881,5.403163382,6.346751089,5.562622359,6.186112938,8.857110829,9.092565035,9.909722867,10.99555605,7.731906262,7.227764344,8.808445841,7.37989929,5.513763877,3.889557796,4.526681015,7.034028812,6.034469212,7.37251123,3.906677838,4.964957287,6.057498557,7.806406782,5.022571556,3.269643922,9.28856836,8.131517902,8.182860586,6.608962615,6.828004409,6.40812696,2.712726356,5.583394859,7.448407101,5.246277393,5.633206144,6.486744064,6.465052145,3.967047433,6.143062537,8.934495348,8.949905473,7.983105228,3.872604066,2.427358631,1.850789414,8.117247213,7.484350257,8.851972474,2.68688807,4.530604822,9.493399642,4.152014383,2.82017367,11.56689509,5.994743286,6.760371163,8.433276805,6.041204796,5.101684538,6.143909641,5.160545922,8.774289121,5.052577069,7.01874411,8.091267369,5.11222643,6.235788318,6.875932562,9.20248721,7.07018108,2.237672481,4.634789714,3.656370096,3.425741355,6.381454845,7.185346966,10.48371484,3.190586335,8.628048734,6.173039396,6.23281908,8.215347038,6.603536055,4.781200559,7.333376471,4.024689686,9.52991128,1.877378986,4.772894544,7.747539656,8.879260531,5.743531772,7.18069623,9.101914565,5.607350295,3.366094436,11.29692856,5.663233315,7.668947488
CD.26,2.565933957,5.242130273,10.14197229,4.438470309,5.17335512,6.925170474,4.181049302,12.14669222,6.995771431,5.32126065,8.308466749,5.365196208,6.391205346,6.486012306,4.733946724,9.729290232,8.84035344,9.767684031,11.66620744,7.109021208,7.152786231,9.170015255,7.515068705,5.471068874,3.224124387,4.907516937,7.722512039,5.198437093,9.188102933,3.259813726,4.966069486,6.379704826,7.313030055,5.197021258,3.915829236,9.617969789,7.434155518,7.799466024,7.0796991,7.425357503,6.242096587,3.635187999,6.41392582,7.042710668,4.965894614,5.306795979,6.290015851,6.649911975,4.877751668,7.004905983,9.787750119,9.061774672,7.668947488,4.770131197,2.123821602,1.89378936,8.445952762,7.067880467,8.929210673,1.422030811,3.494308354,10.1840141,4.532122061,3.175080963,12.16601419,4.883527744,7.100816041,8.622883222,5.574215113,4.498883686,6.420207802,5.417623775,8.28097952,4.587331894,6.521172585,8.644471027,5.149428192,8.055825199,6.90915551,10.74529288,7.352863058,1.922928798,4.220841837,3.812776198,5.52727148,6.56503893,6.98053147,10.25575717,3.448042914,9.316422875,5.670887237,6.643213041,8.772416152,6.89117215,5.156989226,7.456056403,5.0430177,9.810579762,2.251043262,4.518835335,7.569660641,8.982291178,6.448043426,7.596339405,9.255568878,6.340427079,4.077580579,11.82906722,6.979689334,7.743398059
CD.27,2.199189548,4.72590525,10.47748,4.960855699,4.951298324,5.817342051,4.768006716,12.57566143,7.52679764,4.94595705,9.064200844,5.056226776,6.370742526,6.113346895,5.202836016,10.36223991,8.593257172,9.929933086,10.64293206,7.356446177,7.092981159,9.801610073,7.396353833,6.444258085,3.730923383,4.174373846,8.018204189,4.812371999,8.117247213,3.262830639,4.657207926,6.32642596,7.194742336,6.758523817,3.567066636,10.34749075,7.186501426,7.362742209,10.26095507,7.862618116,6.345589603,3.617171168,5.193788975,7.303590118,5.377366821,6.104311689,7.027527264,6.822835907,4.693602908,6.666032511,9.236014303,9.342072325,8.002627409,4.981415264,2.483297242,2.77686819,10.50615994,7.38057088,8.545554961,3.50782028,4.354130051,9.732923607,5.091331981,3.745315961,12.40429396,3.91020876,6.786792426,9.065281477,5.937221962,3.921792638,6.343179196,5.039315914,8.137431165,5.269280967,6.580008957,8.72848292,5.853141674,7.363362683,7.61846971,9.763010033,7.362173711,1.628188274,3.126385047,3.344760182,4.186872195,7.19013885,6.848957252,10.41307714,3.539774401,10.05705073,5.748691074,7.481586891,10.20233932,6.834966089,4.598335199,7.196805337,5.651443879,10.1213526,1.751773048,6.224228786,7.659051122,8.671101385,5.035992442,8.011272026,10.20739645,6.206163842,3.817893664,12.03956763,8.343496352,9.842964957
CD.28,3.008533122,5.1385523,9.657297269,4.494634648,5.162319496,5.929806071,4.49655225,11.73914267,5.911260301,4.766037512,8.535149485,5.207462775,6.654627292,5.476130957,6.726243761,9.059454061,9.008095185,9.786494888,11.05171937,7.517939407,6.688033666,7.781655765,7.440818248,5.023329162,3.566296542,4.078320068,7.124645483,5.296873394,7.385888769,3.590654627,4.817994301,5.689890483,7.588642604,4.154858704,1.91271328,8.192302318,6.247979789,8.209296172,5.604816926,7.784615277,7.18991541,3.678217518,5.531576384,6.42696382,5.163306536,5.242424952,6.035861037,6.263448628,3.966675905,7.252060517,9.701451441,8.965970643,6.645441468,5.045831631,2.569317978,2.511577784,6.87578094,7.279960409,8.699501696,3.305475002,3.313723367,9.679869233,5.706526845,3.75233662,11.55274864,5.068759836,6.35723814,8.297869413,6.167766278,4.681704483,6.152738037,5.130137621,8.849316999,4.704881684,6.760868107,8.04863367,5.30515428,7.482955992,6.774770656,9.580520898,7.442095356,2.196511864,2.016430203,3.837640009,6.080459177,5.638217979,7.648512481,9.124332275,3.587800314,7.630002679,5.752973562,5.56047326,7.860885833,7.012952134,4.578027018,6.967433747,3.640504732,8.929986541,2.088310783,3.508539599,8.114166882,8.925994199,5.847993076,7.326208116,8.170137873,5.822918517,3.176062789,9.962807908,3.303917825,5.312757268
CD.29,4.49043668,5.582093324,10.24247041,2.640001859,5.281519597,5.353679963,1.675147714,12.13589451,6.128640959,4.967127162,9.06369969,5.36445706,6.826393522,6.071072512,5.541911847,9.776578824,8.991102739,9.456023792,11.54583468,7.522331829,6.680814867,9.084632789,7.423576133,5.051137396,3.214150094,4.527581796,7.90555842,4.724889452,8.445952762,3.634934086,5.070028476,5.652376344,7.605298713,4.786278446,3.879142015,9.14388074,6.944610533,7.753419434,5.793002423,7.611471,6.177254018,4.188769023,5.64875032,6.998294956,4.97737554,5.32749287,6.318996757,6.398543957,4.732621921,6.258367977,9.532027613,9.115028284,7.112341805,4.74355565,2.259192235,2.569490915,7.22648513,7.419238957,8.881302722,2.345375092,3.959222231,9.790286495,5.108450788,1.683726259,11.50885442,5.450744987,6.626122691,9.030154332,6.027641031,4.923053944,5.980819029,5.671880138,8.721941778,5.112109028,7.00921004,8.236873473,5.333139986,7.054715667,6.826334039,10.34465352,6.923964036,1.788545613,1.940921173,3.958812737,4.19735275,6.86128103,7.304691872,10.79982201,3.715053174,9.513974155,5.794496475,6.619348296,8.679270844,6.971479536,4.041330982,7.184860705,3.245745916,9.464374834,3.059504972,4.420869883,8.031296072,9.021943445,6.352298764,7.115873363,9.334596625,5.576647726,3.634346503,9.624226638,3.679321762,6.956304917
CD.30,4.961100204,6.690351313,10.37768705,1.368963426,5.771575258,4.35428967,2.904208728,12.79009375,6.804044614,5.054142587,9.155025713,5.690156811,6.323380551,6.202770103,5.326452508,9.591659374,8.796271374,9.078101134,11.90281785,6.989677942,7.481586891,9.617969789,6.630422435,5.706388641,3.976923238,4.514231713,8.048219923,4.534659827,9.101914565,3.773985662,5.185886553,5.914609656,7.43039104,5.810882945,1.626429405,9.847267427,7.145665901,7.499309483,7.605975931,7.580063224,5.947873213,2.422142149,6.074518773,6.615622834,4.030237844,5.137377839,6.063729294,6.485822288,4.779559761,7.431490092,9.906255728,8.987704849,7.82530424,5.621908336,2.463569447,2.483875813,10.91564301,7.117980274,9.21119193,3.646447471,4.164450365,10.01300158,3.993092936,1.571496498,12.26207365,4.984477436,6.214607325,8.809519983,5.891063732,4.797856215,6.804344836,3.208793587,7.912152807,5.108593262,6.619835637,8.258365425,4.158737323,9.699155697,6.848031955,10.72808987,7.119636591,2.403551514,6.15676311,3.82312444,5.603013753,5.782799577,7.031043761,11.5380152,3.522299145,9.502767279,4.88761754,7.266975478,9.401593617,7.10249872,5.505447009,8.823586676,5.040053386,9.645838909,2.836421241,4.421410632,7.667462007,8.930574973,7.184909921,7.382283102,9.954881574,6.465299914,3.953183642,12.14589844,8.182221893,8.098785314
CD.31,4.224478715,4.943296902,9.542389738,3.129834011,5.25454029,6.548565804,3.131058322,11.5601558,4.760279627,4.648370344,7.564284136,4.520377288,6.411963229,5.077668296,7.263804591,9.611134729,9.020889679,10.19909916,10.68922215,6.797715178,6.807699759,7.516224937,7.401431464,4.739748019,3.99263391,3.802328048,7.117773269,5.420258179,6.530877708,4.047019678,5.425401995,5.658716426,7.527651661,3.680063314,3.010943187,7.078014009,6.323389238,8.212206174,5.024334887,7.990960917,7.556775818,4.348417995,4.829480438,6.601490817,5.907852049,5.330888786,6.011587266,5.30265924,3.569380787,5.771575258,9.655774348,8.069773072,7.598306536,5.022544683,1.805734811,2.025357451,6.305196557,7.596339405,7.925146044,4.138589813,3.424061885,9.764549595,4.601342715,2.081784663,10.52764882,4.931385595,6.56271094,8.053814434,5.361824525,4.769626537,6.337946064,5.681146933,8.480547491,4.705699924,6.454419278,7.878907289,3.53331536,6.563566475,6.872573483,9.56787322,6.910062147,1.185307671,2.697057464,4.435293138,5.525936003,5.419295345,7.200848357,9.071433505,3.076910442,7.808553156,5.273299204,6.109016893,7.09494856,6.507056503,4.802545583,6.98759529,3.626838933,9.252170955,2.709474298,3.314130504,8.429617799,8.039632979,5.785524049,7.348348271,7.875078189,6.555818313,3.763662864,9.903809814,3.116776851,3.843948336
CD.32,4.998813086,5.232313868,9.740402454,4.4539914,4.900124154,6.398799705,1.954298043,12.46679148,6.569439115,4.655524026,9.005770708,5.336735982,7.391902546,5.792723456,5.340767599,10.09324857,9.942113563,10.05769888,10.03465769,5.610156357,6.959309542,8.891902521,7.370290423,5.5283397,3.973366987,4.442899215,8.413209896,5.052033919,7.435891419,4.370280397,5.472270293,5.045831631,7.300604083,5.888665549,4.696837921,9.038261443,6.864782682,8.058649694,7.291805707,8.103835414,7.093096942,3.945536522,4.823945871,6.499280189,4.865215325,6.538390555,6.747999251,6.372843639,3.565303816,6.911830074,8.751207128,8.921206457,7.302571345,4.852271955,3.176066504,2.171019536,6.93421844,7.567001898,8.114222816,4.775541015,4.861806894,9.703148996,4.178443045,3.765835468,11.42977856,5.561014365,7.195924652,8.485535449,4.083328346,5.126016318,6.276281626,4.491811524,8.567559768,4.909131171,6.627093828,8.396444992,4.423718728,8.606490179,6.725455414,10.42528359,7.550933556,2.850344463,5.477013477,3.457512366,5.08975485,5.641940263,5.943114857,9.780343376,3.086387782,8.121903744,5.066725197,6.906051495,8.986730461,6.861113797,5.357059511,6.805605639,6.708579429,10.00038988,2.325345343,6.351840601,8.386598623,8.794898755,7.969281819,8.005384403,8.59828712,6.112542406,2.512985746,11.25167116,5.042363783,6.52803365
CD.33,4.642824717,4.678985273,9.598464029,2.751080133,5.156251844,6.430108886,4.394588765,11.71804115,5.866916531,5.343052683,7.756166691,5.262776957,7.170984707,6.040244064,6.338688183,8.951057781,9.410488023,10.19169423,10.28309596,7.164088701,6.996979079,7.54286402,6.957498923,4.833170013,3.411648978,5.056313572,7.34744419,4.598675468,6.998561593,3.63700981,5.329633864,6.005009033,7.466802159,5.408934292,1.260034722,8.25003303,6.320100178,8.390927019,5.6518638,7.930542272,7.430441991,2.437844366,5.909528736,4.83761028,5.381224085,5.228231236,6.270568529,5.836727683,4.382047342,6.977875054,9.170236612,8.297236637,6.989288764,4.897954373,2.905326396,3.420646931,7.356851867,7.485680582,8.300425712,2.487459872,4.583667119,9.510199933,4.734873596,1.824794585,11.58689478,5.357059511,7.278118107,7.703690286,5.382979946,4.237682716,6.21253077,5.897940712,8.798987473,4.848398041,6.415253172,7.713640887,3.879462919,8.364913258,6.887918742,10.14197229,7.372874189,2.426887804,5.140852922,4.118999201,4.128718176,5.624891014,7.064824067,9.575700953,3.314663942,8.044242843,5.756787174,6.597010399,7.926463505,6.652896265,4.959034103,6.447727352,4.456918769,9.324610535,2.01074094,3.973172995,8.436865863,8.864177959,6.535878527,7.666880521,7.453316601,6.218899282,3.48221911,10.87047736,4.113442736,5.492718092
CD.34,4.516428562,5.090991854,10.17939594,2.380618995,5.340540976,6.111113717,4.71039272,12.25208028,7.172135419,5.332566254,8.711434094,4.986222539,7.136346089,5.883158236,4.949545334,9.650240129,9.063833574,9.915761315,11.15769692,7.174602026,6.792384908,9.784048933,7.234393348,4.940939437,3.923417059,5.355708319,7.923829135,4.33951335,7.715782392,3.49746157,4.956644935,5.608149295,7.24233359,6.593252984,2.619355682,9.899639082,7.344596072,7.956037832,9.087080406,7.711706177,6.40118663,2.995553051,5.368028012,6.954164317,4.797307324,5.395039136,6.667349727,7.065469407,4.651689415,7.379347261,9.023822829,9.248859685,7.302571345,5.182464524,3.277998432,2.508839418,9.745769456,7.216497218,8.511881769,3.954236677,4.825812689,9.844893093,4.652037042,3.125063859,11.7606127,3.711072404,6.577080514,8.599410451,5.797766949,4.543079213,6.073673147,5.516380965,8.771532795,4.908191627,6.629537897,8.570213059,6.103994188,8.586613081,6.288389272,9.991187808,7.328919779,2.392109731,6.109016893,3.493536484,5.130650977,5.938651735,7.027523212,10.46492064,3.589125658,9.633869337,5.393393739,6.597010399,9.492383901,6.726172517,4.88575647,8.002865516,5.642563115,9.883940093,1.924497235,5.674259356,7.581401242,8.895915588,6.292697145,7.771261005,9.490862038,6.219029403,3.785100628,12.10019743,7.62932514,8.495260307
CD.35,2.448682628,5.547522837,10.45562202,2.977890587,5.721920659,5.847070614,5.364206906,12.48270071,7.107493058,5.579800511,9.525955657,4.672588728,6.809097083,6.476895968,4.243343065,10.87155269,10.01805661,9.710879309,12.10147531,6.261998668,6.84558219,7.513901204,6.818304271,5.605473109,4.585843185,4.164126931,7.39896014,4.074487366,7.506985712,4.193146751,5.214304538,5.83620044,7.561297194,5.755891144,4.082437252,9.780343376,6.386817456,7.693049904,6.735396669,7.49433654,6.248648534,5.038793756,5.993091189,7.337319302,4.226562175,5.812001643,6.195419537,6.963453911,5.738817808,6.032063089,9.727946391,9.001687775,7.695114247,6.02669022,2.949872212,3.441709979,7.603054368,6.754535929,8.544466887,2.821306491,4.620531861,10.29052563,3.312176384,2.023710284,11.80525866,5.301212508,7.170954297,8.17967996,5.2992457,5.890194017,6.198191135,5.201766984,8.664822348,5.395526002,7.517448804,8.155880464,4.542003116,7.801936865,6.841357306,10.97055742,7.449921579,1.514688314,4.406713191,3.732560792,5.202247923,7.142872751,6.295935916,11.86283162,3.658012338,9.190188988,5.849633353,6.699441313,9.908193038,7.06860137,6.01819442,7.012380137,6.968085476,9.846913417,3.20678123,4.075212406,7.875356682,9.78481716,9.016502277,7.975338839,9.418685781,6.406182257,3.532124687,10.26534604,2.197150153,4.899393466
CD.36,2.230086296,5.168532916,9.866998489,2.264993597,5.345094426,5.770200298,4.273176669,11.59396284,6.198970337,4.990284594,8.326689978,5.222786465,6.74006526,6.346952558,6.529150816,9.7858583,9.550086871,9.534221804,11.81905864,5.990449554,7.216882657,7.44370668,6.972727341,5.378573314,3.771498157,4.371946329,7.037373793,5.435847908,8.278339146,4.546892936,5.179497264,6.641176944,7.403800215,6.413220973,3.295069602,8.240074956,5.354720242,7.727521511,5.528596501,7.777587501,7.396644857,3.774927702,6.340069331,4.687977032,5.209530247,5.976461979,6.209724308,6.784283869,4.688671091,7.482955992,10.69467018,8.464371245,7.318451361,5.560207995,1.905782806,1.923551432,6.83710824,6.301837199,8.7695694,4.266398941,4.639082331,10.06001546,3.434178651,2.395055731,11.86283162,5.830536386,7.75980702,7.326940027,5.181374993,4.268569883,5.996988481,5.26864414,8.648372557,5.271596828,7.102037651,8.087228262,4.267619355,10.58217653,7.275990115,11.09818009,7.444775424,3.097645977,3.962817382,4.382405368,5.408366428,7.315365728,7.389057811,9.803513728,3.449295685,10.18429089,5.842582766,7.017649531,8.552538132,6.37916542,5.366230437,9.049938645,7.780296521,9.511250711,2.926692314,2.796817889,8.803009688,9.241553821,9.330580242,7.966935385,7.41971115,6.238262475,4.325436446,11.32141984,4.173400857,5.483281756
CD.37,5.023818183,5.078650152,9.732982957,2.109333903,4.704671927,5.657332943,4.524582715,11.81905864,6.248886424,4.850414078,9.014294675,5.703457943,6.362867107,6.583798293,5.986432022,10.72416734,10.50280997,9.515359568,11.30403758,5.541838128,6.84042182,6.617972831,5.34112579,5.805548268,4.840050834,4.430758539,6.636318819,4.835510396,9.467566792,3.298266615,5.262230154,5.91700414,7.147624165,6.278975907,2.868338396,9.017710059,6.182179164,7.688894645,5.854722781,8.300803506,6.500399627,4.428839934,5.407286009,7.032159667,4.603783126,6.501690344,6.024905992,6.184204962,4.562112783,6.619708531,8.74352352,9.127653316,6.559965756,6.140823525,2.423340429,2.021503979,6.640845412,5.987962954,9.63380779,2.276468013,5.108357595,10.41426458,3.767299495,3.241927589,11.87608045,5.76050696,7.451198945,7.632418223,4.182711798,4.781465473,6.058180457,3.480188169,8.530772514,4.361498005,6.451411642,7.827987161,3.932744472,9.212195994,6.6613395,11.12273255,7.640609403,1.974719037,5.736698447,3.946218021,5.303159292,6.984492673,6.841662977,10.38372246,3.694827515,10.54921681,5.350134177,7.74859442,8.475127053,6.913503176,6.160871694,8.636560941,5.952353581,9.854530473,3.942102144,4.66699754,7.987170957,10.27668606,8.654434105,8.527793676,8.476705609,6.787924799,4.555464754,11.22231451,4.299324748,4.826311138
CD.38,3.647167697,5.223833818,9.81160946,2.404721524,5.205734216,5.583833434,2.424035373,11.72554112,6.402993466,4.743802658,7.946767361,5.474939861,6.842332123,5.863083315,7.192952953,10.09324857,9.29540258,10.03108161,11.63701791,7.073773671,7.422687856,7.389293854,6.501112845,5.081962677,3.940352586,4.827340073,7.095278147,4.309973626,7.382283102,3.778935584,5.094796882,5.980992723,7.424309052,4.452377319,3.44700947,7.899314347,4.576138355,8.015282724,3.702996708,7.761636229,7.534424813,4.192342438,5.904388958,4.715755531,5.343449708,5.817120769,6.103785138,6.159068399,4.506569898,6.801439498,10.21634623,8.544844835,6.618297103,5.534502835,1.950837518,1.861728543,6.262265589,7.358639654,8.456108275,2.318502972,4.031646628,10.10179318,4.311264885,3.969061081,11.11775991,4.661839661,7.031651065,7.506735917,5.368906468,4.950803621,5.849793631,5.283331829,8.746504393,4.80956763,6.280118869,7.665141354,4.639097319,8.27038107,7.048217219,9.770954497,7.437872168,2.647286097,1.446988465,3.984224342,3.928006161,7.0146955,7.178300023,9.608175589,3.492039688,8.376012594,5.383173023,6.038415928,7.485680582,6.462724959,5.099181002,6.584169216,2.771009222,9.067658695,2.666405673,3.282639255,8.553708717,8.492192376,6.390835575,7.484813764,7.524503578,6.660558419,3.409956339,9.695655201,3.822755412,3.820079868
CD.39,4.688305186,5.273963469,9.822902721,1.702350858,4.81165374,5.509723231,5.082742691,11.31064616,5.692971519,4.489082823,7.583032578,3.435038935,6.498044231,6.709151639,6.909973998,9.056046054,9.179503386,9.806054476,10.8373113,7.390657786,7.427219119,7.434155518,6.003726898,4.071377044,4.160334251,4.256857864,7.323412888,5.138074015,7.497478602,4.26557252,4.563263029,5.033482656,7.244058523,5.124995843,3.950971188,7.414857832,5.28489105,8.503945845,4.773329013,7.504680146,7.206654655,3.032168183,5.598084077,4.40694721,4.937873603,5.23402749,5.973769506,5.904388958,4.567240493,6.743771477,9.201951232,8.206059998,7.028595502,5.165227506,1.67838337,2.007367324,7.377121966,7.31968655,8.546900004,4.672043678,5.058698935,9.989551487,3.784194881,3.477305959,10.87155269,4.747587841,6.430802846,7.448118387,4.830268658,5.010479793,5.983220597,5.652648936,9.111800726,4.824437135,6.947814629,7.404501996,6.094451199,7.891596607,5.947717813,10.22795993,7.633347755,2.672898034,1.630615946,2.883019185,6.266753013,6.434245628,7.11463103,8.732833019,3.593452584,7.952556649,5.348248662,5.9860244,7.064252159,6.301262894,5.46655804,7.287323992,5.021602887,9.189875914,2.905515281,3.81423934,8.190565316,8.645966335,6.604205873,7.638720929,7.315781522,6.228371386,3.813903995,10.44479268,3.863441625,4.975368269
CD.40,2.202910631,5.446168526,9.81160946,1.689233152,5.346067351,2.650413735,3.466387175,11.9242228,6.512901661,5.360811183,8.983226299,5.434955832,6.6200497,6.211404912,5.897170446,10.00013827,9.975696465,9.617667531,12.10736671,7.435891419,7.133894917,6.988110416,6.076660483,4.72432111,3.997702566,4.995087829,7.366214696,5.075001703,7.139788131,4.077739062,4.113703169,5.107474721,6.988586663,5.29253147,4.04493881,9.168958637,6.434679807,7.528644339,5.019913347,6.869577605,6.592064465,2.564280236,5.515530629,6.057967666,3.721844057,5.310258648,5.309016241,6.350451351,4.755311681,7.506538354,9.562086565,8.574202953,7.787428497,4.920263712,2.496267725,1.383191555,7.04044042,6.587615986,9.429262888,4.633687321,3.788532345,10.38511216,2.928751067,3.446131595,11.91696251,6.217260625,7.386400056,7.294907919,4.148774921,5.100894715,5.928818125,4.508231241,8.552538132,4.79422359,6.367971397,8.053394374,5.585214641,10.45562202,6.359242681,10.36819883,7.145931327,2.286409373,5.23179062,3.72075992,5.48464247,6.475147573,7.324357411,11.73914267,3.730736363,9.764693895,5.654924588,5.983501538,8.524553704,6.296913185,6.204915094,8.128818497,5.681516873,9.366896544,3.331505967,3.579365517,8.475257226,8.552029809,8.55772899,7.709828469,8.588352854,6.254186669,4.186764903,10.49881604,5.50599121,4.511753182
CD.41,1.883167798,6.37384579,9.713320385,4.148894945,5.046095943,4.884194576,2.452957195,11.62889231,6.760016417,5.207928951,7.897711891,5.776009512,6.528016236,5.839636381,6.950207874,8.934518428,9.515218512,9.705771862,11.64465461,6.712577983,7.5651187,7.043630511,5.819329827,5.112688275,3.350366971,5.242763267,7.871155322,5.349077943,8.143247378,3.821920703,4.528559409,6.485822288,7.746656189,5.575652756,3.960483307,8.254670361,6.001151838,8.17676304,4.01421747,7.057831632,7.936458063,4.323290217,6.261728561,4.436315381,5.185637074,6.023782206,6.122981996,6.231922982,4.467892632,7.445939407,10.09401129,8.592405255,7.573872076,5.580075363,1.950676971,2.114420831,7.546546757,7.256640342,8.742470148,4.564242973,3.835200345,10.08887971,3.927493839,5.1372337,11.11775991,6.095402979,7.448496068,7.084921604,5.09890438,5.541601678,6.01340949,2.512412191,8.020236924,4.524421901,6.60140667,8.187891815,4.474294925,10.82384535,6.542791146,10.58851329,7.164295272,1.948981749,5.704506472,4.377720768,4.238854963,7.151729935,7.180697181,10.0587739,3.858595906,8.965675695,5.947939902,7.06023001,7.767502134,6.549597915,5.090003176,9.815340935,5.280130494,9.204473687,2.401261869,3.953173793,8.025661514,8.223938905,8.436934287,7.635271365,7.486584063,7.177555191,3.849503824,11.20399924,4.732982119,3.974430055
CD.42,2.740809925,5.236822996,10.06331223,2.14733808,4.072372176,5.732480897,2.476671946,11.94437749,6.27837094,5.143148858,8.585236399,5.999381977,5.84561072,6.223533586,7.071395637,9.238941837,9.326434181,9.382871655,9.920684719,7.387196907,7.059043207,8.747410467,7.165495409,5.166524717,2.693921747,4.928209476,7.752382231,4.878066671,8.542300585,3.596269357,4.398924033,6.701840604,7.707460303,5.070270414,4.75761137,9.146434746,7.030394084,8.008125367,6.510946688,6.924818514,6.915964909,3.395179267,6.123792518,6.6124109,5.435796929,5.199308754,6.428987252,6.209411667,4.712048696,8.021919439,10.12686246,8.776178495,7.371713257,4.884745048,2.555391016,1.852846,7.868665386,7.551302423,9.154086439,2.757673105,3.699129437,9.908567673,4.982689412,4.423142646,11.71048316,5.515796542,7.420723479,8.560429181,6.230332282,3.444986059,6.364993016,4.883774625,8.527793676,4.811121006,6.753373534,8.474022195,5.850859918,9.076894737,6.427898408,10.47108029,7.277278035,1.453230932,5.551624887,2.975132111,5.687499333,6.425269206,7.793336049,10.12927968,3.555209668,8.630166304,5.540137509,6.29598678,8.100678735,6.701014544,4.787305702,7.729991925,2.97651073,9.099134545,3.14026277,4.61119527,8.151231947,8.49395036,6.174254821,7.37052047,9.446180349,6.300373094,3.926191406,11.46077328,6.420148216,7.781108311
CD.43,2.518772433,5.247178199,10.28019835,2.26379779,5.410407181,5.588847315,4.546592567,11.95225205,6.531568939,5.19254263,8.668138326,6.910029245,6.940529476,6.207171646,6.311354423,8.415537917,9.736666701,8.8635136,11.51616225,6.830952466,6.72191109,8.128144528,5.444927895,4.115873464,4.074249186,4.560570136,8.627948486,5.28732452,7.012179264,4.005472112,4.760404684,6.086302115,7.330941751,6.836285486,1.420790737,8.749289157,5.109721446,8.046516624,7.940610296,7.452463534,6.816552349,3.942102144,5.756179376,5.404900611,5.271989707,5.941532377,6.11199816,6.386522056,4.69627303,12.6968538,9.10905901,9.020889679,7.184909921,5.434681093,3.098664726,1.496054786,9.111800726,6.218743995,8.987038344,4.075448551,4.690804376,10.4733942,3.014215632,3.573136321,9.975696465,5.452182661,7.41212174,8.81493548,5.200033982,4.476192548,6.149414124,3.686633847,8.172051284,5.277615684,6.658801055,9.323980821,5.596310625,11.60144629,6.54542447,10.48371484,7.026106644,2.384792832,5.628769989,3.581373504,5.638223717,6.947499732,7.055712649,10.05442816,3.608352137,7.87658144,5.512790971,5.899421017,10.64293206,6.858050481,4.307635547,12.6877084,6.960480925,10.18488506,2.617640107,3.530858952,8.012141837,8.876187614,10.97055742,8.824831097,10.12685728,5.632258097,3.624957479,12.39450876,3.555722649,5.662443422
CD.44,3.587527906,5.350993138,9.743942916,2.60826331,5.004723074,5.207106668,3.762939775,11.82575435,6.50079607,4.121892283,8.175375662,4.937431724,6.426450923,6.061746862,6.259121799,9.420141077,9.826948697,9.820387052,11.51616225,6.159693299,6.971491141,7.747577337,5.772491185,4.891441278,3.365480038,4.956144672,7.888223825,4.841273321,8.723782618,3.763072194,4.814623255,6.363895581,7.217995132,5.734375631,2.393402268,8.088533865,5.125510888,8.050564646,4.391472725,7.085881382,7.096801772,4.542527701,5.310525475,5.414309884,5.034836943,6.124113454,6.121970942,6.609330404,5.074433823,6.601465793,9.652441682,8.763851557,6.825079986,5.19493673,2.0784835,2.331179355,7.194231043,7.057831632,8.589624226,4.163477854,3.376314917,10.32759623,3.418435759,2.016430203,12.21284241,5.515280745,7.306256332,7.221732853,4.335032157,4.954229696,6.37715226,4.274660677,8.502833007,4.875038733,6.876505218,7.979831599,5.606261189,10.07481245,6.326621554,10.6103616,7.524807518,1.83820389,3.913886864,3.982873944,3.985933451,6.725385899,6.820088183,10.12464388,3.762676628,10.22244892,5.948287925,6.834604272,8.013168571,6.313128242,5.71251278,9.480311678,4.053137901,9.634388283,3.57916943,2.887693835,8.10980679,8.712982809,7.270020041,7.537644895,7.486138099,6.492608742,3.490757613,11.51122657,3.662709723,4.705701111
CD.45,1.998018359,5.082500522,9.849401788,2.830069135,3.616768935,5.067445113,4.474022528,11.65857038,4.568254353,5.351695698,7.948779251,4.68116331,6.02468187,6.782263435,7.091747592,9.522752949,9.578653251,9.291567716,10.86637709,5.752910996,6.442725584,7.877731419,5.288579052,5.110504308,3.891008236,4.643698702,6.937855878,4.710241302,8.524553704,3.683647697,4.565323538,5.728299048,7.397486626,5.92663759,3.579890607,8.451523843,4.772848158,8.044304167,6.303826224,7.846671423,6.872111589,4.025145792,5.926609861,4.101079734,4.476148798,5.798239172,5.860272724,6.405462593,4.254096368,7.524503578,9.283317086,8.786642907,6.780708823,5.7971822,2.364592039,2.311031044,8.160103132,6.595659493,9.482069003,4.964153906,5.080083273,9.974885517,3.720149023,1.857214554,11.69501676,5.360296884,7.034670712,6.935311574,4.461400261,5.000892916,6.06898493,3.880138065,8.813357368,4.63673084,7.119094318,7.862550572,4.434441949,11.09371591,6.887426158,11.66620744,7.425094629,2.770085642,4.817477381,3.40193768,5.848237356,7.970046015,7.206853274,9.432701613,3.680752319,10.68976677,5.045848314,6.925224971,8.247842158,6.540467861,5.766114945,10.02433847,7.200518071,9.050193701,3.730114524,4.109965246,8.157965241,8.628672348,9.701125548,7.943240853,7.63476786,6.611614251,4.913292146,11.91919238,3.608152681,5.75482408
CD.46,2.463890815,6.01819442,9.791912304,2.072489174,4.22113427,3.966715971,4.553308656,12.32335902,5.027194774,5.483521871,8.163225515,5.703203175,6.464785328,6.423948625,5.405421298,8.936627194,9.10519588,8.713003456,11.04640795,6.604571256,7.457891955,9.080117503,6.413110703,5.211239203,3.758785652,4.898060776,6.784173103,4.769628652,7.18908208,3.607454727,4.700216284,5.169041478,7.58331561,4.992370051,1.560662887,8.554024254,6.051534589,8.337036988,5.073323307,7.315781522,6.401238613,3.181714698,5.339052356,6.476124385,5.221985885,5.359498631,5.31464393,6.249425818,4.099695975,6.223112135,9.213149482,8.329752454,6.791001438,5.088061005,1.781939461,1.701779081,7.831819423,6.810993883,9.364395109,4.705206554,5.077929552,10.42238988,4.611759946,3.906741537,11.29270897,4.731624117,6.016858159,7.95767507,5.609400731,4.881421865,5.752342982,4.657677646,8.678464531,5.337159211,7.378889497,7.304273747,4.823682777,8.27038107,6.167507699,10.32346276,7.282762297,2.306586737,6.139348884,3.596077494,6.292101231,6.878657558,7.540710786,9.701125548,3.581164828,8.84882696,5.435813229,7.036099461,7.603578442,6.751585018,5.878701902,6.776445113,4.109650871,8.982061898,3.385826609,3.325316059,7.415869302,8.110371597,6.730989392,6.858976228,7.959233714,7.004032124,3.717139815,10.23649455,3.835160399,5.246649088
CD.47,4.715079902,5.880851016,9.715297027,2.429072196,5.057948145,5.164904396,3.903983763,11.84124522,6.210397141,5.384571376,7.946912382,5.598898521,6.502666547,6.212661765,6.614009642,9.038261443,8.948751706,9.255777508,12.20701554,6.899892401,6.883437369,9.034840535,7.168689595,5.358789647,3.828276062,4.850634189,7.461324616,3.998077728,8.716597099,4.453029841,4.678627543,6.008552139,7.548232842,5.169294978,3.114862876,9.084632789,6.514463728,7.956290233,6.065505656,7.753279393,6.929673039,3.362099357,6.322785941,6.351403507,4.907191617,5.485948765,6.03863096,6.423501751,4.559143137,7.852639571,10.26991672,8.634562703,6.416437883,5.2004695,2.350957516,2.119320679,8.845394346,7.327007304,9.179923176,2.474989371,5.075673571,9.744212047,5.463615931,3.047541054,11.42386305,5.166774948,6.721822326,7.806087653,6.248302855,5.177997446,6.3826183,4.234915333,8.61878101,4.703214042,7.071287026,8.19395257,5.258476765,9.495435892,6.640957965,10.18932442,6.992162828,2.099680083,5.900253987,3.265604396,3.825930516,7.131978486,8.004058603,9.971064674,3.454639981,8.402501636,5.188828828,7.047639906,7.984328879,7.04779132,5.469065721,8.944169132,4.355022037,9.026964458,2.708588661,4.05144084,7.81601031,8.559780315,7.423150645,7.050891313,8.850305536,6.538254004,3.772213861,10.75685077,6.674925751,7.174602026
CD.48,2.487087447,5.538614043,9.997805,2.030274991,5.01502979,4.863957567,4.822913546,11.90999549,5.647970224,5.260201724,8.564310171,5.549790789,5.625003243,6.164365109,6.070670351,9.314279455,9.177277695,9.259273581,11.26272333,7.013402097,7.406426189,9.092565035,6.393855795,5.295178263,3.504021912,4.380943662,7.438015129,4.649096804,8.09705357,3.403396323,4.649985527,6.141973313,7.553424577,4.758289416,3.659055172,8.678464531,6.666032511,8.121293911,4.201038829,7.157838603,6.471877879,4.25009417,5.798078451,6.41767207,5.160634634,5.467515487,5.961032209,6.280187078,3.790142467,6.586383223,9.543212959,8.55772899,6.812495032,4.872443891,1.752270744,1.442723909,7.612488084,7.011052742,9.220946136,4.864309741,4.644960348,10.14201412,5.010150731,1.487159906,11.58105091,5.175074781,6.664650319,8.482598695,5.871862948,4.201796183,5.504533145,5.058194738,8.801648698,4.696767096,7.301346038,8.341511208,5.354720242,7.146891025,6.230969174,10.20979591,7.139344452,2.471267623,4.804787094,3.097113087,5.48742953,6.591227658,7.539210401,10.26936345,3.27408325,8.978401606,5.531462094,6.570496706,7.537121789,6.830336901,4.642579297,6.667940236,3.455912306,8.916375287,2.74485953,3.66539098,7.933095762,8.150033847,5.858156177,6.491587275,8.794522117,6.372134138,3.977541791,10.11707897,3.077113046,4.843771531
CD.49,2.342267596,5.644953877,9.401593617,5.185644737,3.583235401,4.589209148,3.801959745,11.33425072,6.02669022,5.327864548,7.209711092,4.228958993,5.823362181,5.815322608,6.014882653,8.557078029,9.591659374,9.851956933,11.35787364,6.93533661,6.962284778,6.63427626,6.067315164,5.384571376,3.921450244,5.394935313,7.050562852,5.919086385,6.825845483,4.342055225,4.921311528,5.467341029,7.290109542,4.794870401,1.538286135,6.743445862,4.498013232,8.200981449,3.696126321,6.85495164,7.107529732,4.222605784,5.979330609,3.671269505,5.134814847,5.76217549,5.983985076,6.044324143,4.652995867,6.641176944,9.830701712,8.364913258,8.008804265,4.229583041,2.053075611,1.478514057,6.33013019,7.092210578,8.839415575,4.505986937,3.713790044,9.650445515,4.068708225,3.573136321,11.12273255,6.202866459,7.485142103,6.725377787,4.941498531,5.186438911,6.263709271,4.843474207,8.721941778,4.90851332,6.599259708,7.525357675,5.28900339,8.938629833,6.995073433,9.793796232,7.161436119,1.241358342,4.701077239,3.404156973,3.764804728,6.476435629,7.227445641,9.009165693,3.820243223,8.348535737,5.715212494,6.102272286,7.043630511,6.304875168,5.527539127,7.304084204,4.894973387,9.395967802,3.198325216,3.542954614,8.224479585,7.971942517,7.55466991,7.533401763,6.755259605,6.29108176,2.518224145,10.04806731,3.037832314,3.957337891
CD.50,3.586398459,5.205220467,9.96045689,3.453992884,4.72432111,5.135585709,3.600209257,11.97433379,5.839179474,5.243465995,8.431821467,5.44079547,6.556788678,5.889064538,5.604269247,9.475439116,9.352119424,9.72948149,11.81905864,7.717359492,7.0396831,8.144576441,6.837834853,5.236822996,3.591320713,4.690520129,7.371017262,4.749854159,7.524064469,3.637427685,4.970588095,5.423264168,7.308681082,4.733174537,2.614495885,7.803097653,5.465782181,8.354136277,4.236584605,7.126813359,6.344961077,2.31397944,5.645504829,5.770729882,5.149056451,5.609960256,5.912114325,6.201421116,3.684917864,6.843455012,9.838514719,8.503622456,7.500653121,5.075985156,2.385458143,2.316054519,6.360796717,7.486584063,9.011555687,3.002600741,4.550754851,9.797110522,6.089685669,1.434780033,11.46964658,5.369098876,7.121126995,8.184126239,6.232070174,4.513703673,6.232278947,5.554258847,8.553284266,5.250628457,7.134301551,8.386811736,5.391476061,9.456841995,6.136268154,9.984382428,7.027304046,1.482799586,5.462170511,4.090049593,5.584194099,5.966319874,7.635211643,10.17471805,3.340391661,8.08877412,5.629300105,6.611948356,8.170137873,6.766936104,5.027194774,8.133167494,3.274475323,8.243031549,1.939629215,3.17236457,8.075562507,8.521243081,6.804714976,7.364606406,8.479075493,6.219017352,4.029693728,9.865071079,3.137029597,4.749440902
CD.51,3.57845602,5.949714151,9.669549721,2.346994945,5.115833847,3.864476375,1.729179032,11.80525866,6.056672339,5.761045172,7.650327917,5.771575258,4.892928542,5.86922257,6.109734559,9.183230211,9.458301409,9.718582044,12.14669222,8.258619479,7.149670009,6.725501468,6.239606399,5.113738581,3.705512303,5.276700126,6.801845048,5.339773705,7.619088234,3.592688571,4.645854917,5.632359186,7.046272356,3.847111892,2.914382822,6.557520589,5.782837308,8.158065834,4.510751519,7.352791649,6.19553092,3.50782028,6.766489023,5.738389625,4.469134012,5.281829163,5.165143216,6.096328961,4.315123024,8.669778474,10.55142609,7.76371611,8.165074072,4.77481699,1.89839692,2.015967628,6.658611782,7.016168934,9.375988643,2.579903657,4.450178975,9.965668809,4.014487042,3.898929959,10.59213812,5.633489009,7.217707989,7.505873852,5.347605477,3.751546647,5.828005792,5.702936687,8.565078163,5.542655038,6.695836451,8.411078526,4.958774918,8.849316999,6.939941946,10.15456633,6.642248649,1.679189448,5.901687793,3.138235873,3.633630268,7.032022744,8.149269977,8.478303151,3.453814538,8.482250443,4.93199755,6.084169826,7.382283102,6.697978817,4.964153906,8.622224977,4.147823613,8.331134516,3.539869506,2.975686856,8.069747951,7.502899913,7.663733558,6.852622351,8.334260333,6.507990145,3.966721006,8.945526087,2.563438328,5.889128143
CD.52,2.203776076,4.886573133,9.493820819,3.191316106,5.301948438,4.644924521,3.695133735,11.59396284,5.582354514,5.600122094,7.49299207,4.909719306,6.743428456,5.8496206,6.934058849,9.229171323,9.601640829,9.784515717,10.5482126,6.487046849,7.353563128,7.538594152,6.026210889,4.94465637,4.155275295,5.741843771,7.70201222,5.553587724,6.667762812,3.910238639,4.9628623,6.396463942,7.521173943,5.201937644,1.902426063,7.827550362,5.284073624,7.88885677,6.049341847,7.841161854,7.041071176,3.918812126,5.769661711,4.266426969,5.271493677,6.177859605,5.962959462,5.643287829,4.725649032,9.290045834,9.028920787,8.444416176,8.240775346,4.501741101,2.385474558,1.995761071,8.47436563,7.367127051,8.815057944,3.151524682,4.980626138,9.961612402,3.464884462,3.415390539,11.71804115,5.758258644,7.366104002,6.98453094,4.734882807,3.693619922,6.179174869,4.508796895,8.662271379,4.942136102,5.8261085,8.668571093,5.538094677,10.21487543,7.162182911,9.851233176,7.051332301,1.653770995,4.710669103,4.254331015,5.491448271,7.213285524,7.414946521,10.22276971,3.273734419,9.742693331,6.061290448,6.554147095,7.602594234,6.618493045,5.007750921,9.614608645,5.598156654,9.273138185,2.764858553,3.73839103,8.312292504,8.006817334,7.615546788,7.780538666,7.844692884,6.802859527,3.834038525,11.51115524,6.412960801,5.723719242
CD.53,2.674093399,5.190901452,9.675057448,3.002211151,1.055044245,3.517110046,4.981151441,10.77902677,3.37175516,6.008275375,7.822446046,5.698394467,7.052014763,7.167371022,6.681948307,9.510736792,9.751599137,8.95382249,10.46492064,5.232577113,6.196491221,7.543314981,5.474102735,5.064439065,4.495703419,4.923509422,7.079281415,4.228524467,10.20233932,4.12375,4.700326342,6.986270841,7.278129683,6.304411056,4.109850283,8.527108027,6.801031079,7.891033447,6.000404789,8.192934136,6.208455524,4.923053944,5.800559263,4.625805758,4.642556342,5.79888069,5.796723678,6.914493933,4.623273244,8.386698823,9.898781125,8.53246129,7.252845907,5.989119787,2.149540802,2.526201915,7.166383436,6.318290558,9.847353056,1.958316007,3.670263266,10.21946009,3.447177399,3.839103687,10.82808181,4.674076716,6.875879515,8.103164184,3.188508716,4.801027671,6.716589242,5.73620539,8.556312472,5.706197253,6.818730192,7.91712166,4.227795749,11.11775991,6.379356048,11.4568824,6.936641537,2.512285973,4.909213834,4.302274113,4.427761855,8.177424467,7.226146009,10.34191468,4.056097086,10.05265946,5.21893088,7.257021447,8.828776044,6.3024212,6.46703092,9.385999506,7.013914883,8.978084219,6.215777871,3.789145777,7.735897742,8.552638166,10.25073023,8.197635205,7.213475826,6.626127856,4.945860667,11.75403294,4.411883944,5.878701902
CD.54,2.073696802,4.446700618,9.840868247,2.475869564,5.269144147,4.604974162,1.886879555,11.66620744,6.895084051,5.056467539,8.234913825,5.28926466,5.778147308,6.749715535,6.049350265,9.706194969,9.65401784,9.562829487,10.11221123,6.289686957,6.756743013,7.852639571,6.575221631,5.127553612,3.444551986,5.05004698,7.745228163,3.587825438,8.680045499,3.685436539,4.940842689,4.609329416,7.403710046,5.854699076,2.046165372,8.972275966,6.220009863,8.079033225,7.009326551,7.277511875,6.95896416,3.377791414,5.441048235,4.635946177,4.68706637,5.374470022,6.382609669,6.102272286,4.276607257,6.47312238,7.761993234,8.784774815,6.954053371,5.512496478,2.362676968,1.390770361,8.663138679,6.929053112,8.882918966,3.024474529,4.730568632,10.09497559,4.317961061,1.254967061,11.82575435,5.580332353,7.50693697,7.456661866,5.057654173,5.241094403,6.10904501,5.185404173,8.88995699,4.901479981,6.69093416,8.69987547,4.807617174,9.127653316,6.816129209,10.60299914,7.453462924,2.593333864,4.512542558,3.689575387,5.385270994,7.705508413,6.733770611,10.37768705,3.780055147,9.103908146,5.40296268,6.146390733,8.63209561,6.129460443,5.333408094,7.916892375,5.682056683,9.858803537,3.192529434,5.31350369,7.980421275,8.46460944,8.356297412,8.021311847,8.310953915,6.38695846,3.904977422,12.05167666,6.434679807,5.937407341
CD.55,3.197534142,5.643575081,9.729290232,2.372202702,4.498306376,5.907243121,4.678985273,12.12491101,6.675273527,4.995633764,8.369051225,4.849375828,6.742689357,6.48367447,6.034306328,8.680045499,9.470742528,9.840915159,10.92461437,6.437775946,7.336975543,8.625345231,6.790487204,4.889581816,4.285810798,4.670132735,7.570046459,4.105831778,8.221796457,3.844788868,5.196238131,5.632637856,7.487806528,5.846068581,2.447148832,8.461803664,5.662197242,8.177609971,3.995218889,7.038585167,7.01874955,3.731909722,6.244661533,6.056346659,4.820518982,5.732925598,6.106834146,6.375701077,4.336240438,7.246380499,9.475556568,8.580142884,7.053597656,5.78637757,2.162982019,1.865369405,7.172566135,7.313253079,8.562627569,2.592632956,4.642205822,10.1339903,3.894975237,2.279405556,11.84124522,4.796783915,6.907394923,7.759215076,5.005737262,5.201288486,6.135084888,5.455662739,8.963843291,4.984278712,7.015238621,7.871023196,5.826532587,9.3333236,5.980499983,10.56813775,7.489771475,2.880314668,4.660105341,2.975958043,5.39124414,7.18269299,6.936146725,10.64636306,3.706492952,9.59316064,4.89540243,6.325814233,8.209452972,6.571272892,5.84847744,7.365581216,3.103140697,9.753458116,2.796104486,4.062717761,7.590024757,8.94761573,7.188632103,7.555675096,7.748080562,6.976890182,3.934375439,11.15289703,4.703097605,4.922815239
CD.56,4.593697754,5.355777034,10.26936345,4.766592378,5.909240874,3.817782074,4.631002618,12.26706228,6.541236195,5.168532916,7.973177446,5.490225794,6.892646547,6.48767958,5.198814154,9.621396805,9.124332275,9.19411678,11.90999549,6.678801619,7.11758245,9.058290686,6.752235062,5.754314149,3.912783536,4.384562557,8.152202885,3.725841785,9.353585107,3.861891189,5.022204024,5.305645607,7.467501252,6.035178426,2.749132454,9.134593622,5.246649088,8.136889761,6.297694459,7.226058121,6.192604807,4.476476042,5.551624887,6.513983098,4.724141562,5.847483997,6.152418547,7.310226637,5.144766492,5.864987768,9.219066043,9.086847926,6.550064177,5.388591495,2.250650995,2.005679661,8.882875172,6.549734099,9.18335807,2.682083122,5.035482434,10.37620694,4.484275635,2.918764078,11.50206812,4.322691053,7.32979469,8.384468496,5.995634009,4.159976832,5.905827766,4.499176051,8.470595017,4.669986417,7.078344925,8.071874791,5.553989764,8.57242188,6.642887491,10.92960656,7.219154425,2.273825484,5.332566254,2.617640107,5.746439389,7.318185188,6.680438045,11.17946409,3.646899295,8.768535692,6.172892381,7.669928254,9.76104299,6.918059229,5.65185879,6.476064354,3.886838029,9.482069232,3.276828487,4.387684874,7.269655871,9.003298923,8.498304251,7.374825611,8.465933587,6.464059898,4.191306333,10.28456569,3.995211288,5.834572
CD.57,3.458736724,5.140852922,9.966738877,1.833958571,5.161033866,6.09534013,1.589100832,11.9242228,4.923566768,5.353675928,8.290714914,5.478349961,6.817047408,6.671401822,6.92680074,9.248859685,9.165510249,9.838269421,10.41307714,7.457449403,6.941938406,8.067242558,7.405010165,5.04739097,4.004058423,4.945728604,7.276752799,4.689271635,7.626837452,3.846491124,5.133999659,5.869517676,7.602421382,5.431087763,3.642557446,8.528609677,6.563566475,8.392743548,5.157739666,7.429834056,6.994790711,4.35639886,6.277475229,6.035576441,4.891484761,6.022142474,6.090502955,5.806876704,3.570477849,7.340589748,9.301650914,8.967083858,6.855696301,5.241094403,2.565456442,2.511577784,6.944610533,7.361691818,8.758325569,4.248055248,3.470053618,9.971184569,4.637536222,3.02879039,11.54583468,4.075448551,6.803863164,8.291754643,5.923808696,4.338506588,6.099701517,5.478864315,8.80942622,5.010357033,6.436248124,8.17272929,5.562124395,9.217686789,6.303378611,10.4007333,7.199499575,2.064364309,6.125455254,2.659839258,4.079892263,5.814681253,7.56181125,9.600223211,3.374678513,8.798887266,5.131722662,6.601465793,8.183546833,6.803891897,4.779142331,8.973493825,3.940412262,8.897147812,2.155859748,2.251647831,7.859159748,8.934381404,6.097624834,7.742275723,8.373584034,6.523515387,4.133855924,10.93529335,3.31830167,6.042337854
CD.58,3.601633358,5.757472898,10.29732281,2.378157252,5.640088254,4.310238627,2.831376889,12.42514241,6.62433802,5.08373772,9.150298911,6.157327681,6.350039108,6.320525757,5.861679806,10.03922291,10.17706258,9.447108326,10.98046974,6.444565036,7.266146366,9.130136565,6.293212845,5.961511358,3.423111892,4.77009908,8.327321472,4.155322091,7.94617788,3.951428518,4.570876582,5.573556841,7.272843363,5.261719562,4.478220636,9.72044038,6.454129604,7.938197151,6.999892079,7.732970236,6.632100039,2.843547186,5.601513234,5.986924962,3.9698869,5.801534051,6.122279816,6.471518617,4.801228921,5.958690446,8.806709407,8.675908177,7.318451361,5.336735982,2.602652185,1.879606232,9.145118233,6.690676129,9.052052708,3.030871945,3.764971576,10.07909486,3.982156252,3.840836498,11.62889231,5.880564874,6.915035636,8.290383294,5.591983176,4.825812404,6.571833852,4.688056273,8.162604954,4.653190271,7.144457967,9.01849954,6.131586053,10.56502527,6.602474316,10.3566468,7.281977661,2.050420176,6.487351319,4.179138396,5.640343075,6.462527858,6.777324538,10.97055742,3.679557764,8.855938621,4.900345275,7.582084641,9.110769084,6.770584077,4.92478379,9.466524519,5.402017428,9.072149684,2.711923059,4.119019518,7.290071456,8.386599353,8.709569568,7.779491848,9.294098823,6.729690683,3.711199904,11.29982272,6.081921896,6.146699082
NC,1.633760885,4.885234167,9.729290232,3.99359906,4.372399991,6.041331201,3.575045037,11.61391695,5.927140136,4.249202293,7.623196896,5.256985916,6.375890558,6.445864114,6.785601645,8.735772415,9.175810339,10.2919609,10.64293206,7.485254598,7.347077504,7.084650346,6.603383632,4.935920259,3.762262589,5.034345225,7.129670038,4.881617332,6.958239201,4.171708933,4.887763948,6.315075752,7.256287026,3.82415446,2.039588156,8.087329158,6.267608777,8.239576688,3.380817748,7.196710683,7.216578816,2.479515191,6.173066991,5.783085263,4.786343513,5.426148681,6.190314271,6.027573802,4.407646565,7.590596673,9.517677248,8.594019593,7.91620889,3.369678572,2.173789046,1.828447768,6.720260013,7.40062939,8.883664989,3.905339451,3.778725379,9.940715979,4.102576652,3.629535529,12.06297657,5.669713916,7.217453404,7.543494547,5.442231396,4.74553902,6.000592509,5.908954671,8.498304251,5.054717525,5.85057518,7.792383594,5.873702205,6.843780371,6.880300978,9.574205071,7.523273944,1.911491167,2.805036786,3.485376488,5.721419608,5.972562353,7.036652434,9.290045834,3.401725773,8.266064623,5.489167464,6.304922392,7.189924089,5.884353711,2.497263363,7.068170958,3.007116437,9.279247147,1.932549434,4.241192861,7.853151463,8.479614463,5.555568957,7.739156859,8.092744987,6.642701367,3.805808152,9.482713909,3.473248902,4.900124154
NC.1,2.452957195,5.24894121,9.939659921,3.297014893,5.363144677,5.406027211,5.024360458,12.24690124,6.229805229,4.806060354,8.367814462,5.812085426,7.161688704,5.680425407,5.248323088,9.606595839,9.766931313,10.28202897,10.37768705,7.04798822,7.478836374,7.569387803,6.623389014,4.919502623,3.87224524,5.252555199,7.466966405,5.388035534,6.481113258,3.353220125,4.744902307,6.279256647,7.426437806,4.44503726,3.821074382,7.90818047,5.370624633,8.321007313,4.59153753,8.031726857,7.443802447,3.98931958,5.841418278,5.560841132,5.410446986,5.115412812,5.952966105,5.853426357,4.848334708,7.689005395,9.100868474,8.383096679,7.162842467,5.246906545,2.273455765,2.303638965,6.482420932,7.324157882,8.763398255,3.650759947,4.584651606,10.03308374,3.890063824,3.434213889,11.27516051,5.619971351,7.070520854,7.673815089,5.089257912,3.518569739,6.275351529,5.281519597,8.411117384,4.767831714,6.0989138,8.198894838,3.883955543,7.666364711,7.151710407,10.0112136,7.17070064,1.460246954,4.142913728,3.851974178,5.785796402,6.134673167,6.543427231,9.658973999,3.579590315,8.69607847,6.045688979,6.814625104,7.486584063,6.46081127,5.347404229,8.863985991,4.498679059,9.129989754,2.066325751,4.738847936,7.659181649,8.377105953,7.075599786,7.776549991,7.779028624,6.947135522,3.520566005,9.67098924,3.52356032,5.198640455
NC.2,4.158445062,5.386521529,9.4477305,2.001511283,4.985483409,5.376303752,4.199797841,12.22354596,6.234918851,5.025403755,8.007934115,4.747092631,6.59586355,5.925680904,7.000160499,9.130136565,9.518236936,10.1715365,10.67401497,6.736297339,7.398494443,7.876670304,6.973709552,5.786682552,4.043707111,5.256168553,6.955406011,5.312243612,7.337848974,4.781055483,4.957372423,6.402358089,7.402646291,3.73432327,2.339124914,7.654133227,5.898812103,8.537691416,2.578892155,8.368465869,7.746841881,3.51410082,6.336607234,5.569086655,5.247353554,5.622141253,5.48246565,5.75157977,4.493686138,7.796520163,10.54402413,8.165074072,7.356446177,5.193308135,2.048620978,1.465462323,5.962932915,7.42580986,8.721738709,3.57845602,4.582701979,9.944271509,3.567798275,2.216811826,11.42977856,6.01587587,7.291800062,7.41074257,5.106363221,4.834720179,6.286514084,5.69812544,8.278339146,4.560867737,6.33005856,8.025745033,4.361305155,6.704662246,6.711974422,10.05442816,7.607120404,2.654752591,3.499957803,3.716767899,5.037489256,6.304723883,6.885817468,10.17238046,3.556012099,8.522231174,5.526154787,6.619708531,7.655538719,6.370369908,4.65350517,6.562195453,3.242791732,9.180813461,2.682083122,4.138996397,7.909023974,8.086636468,6.010890672,7.416576472,7.213035549,6.825079594,3.947583918,8.96955399,3.343199251,5.065404313
NC.3,4.170380707,5.364206906,9.743942916,3.048748188,5.020349281,4.747248175,4.498306376,12.20701554,6.260209526,4.870447679,8.241033391,4.923566768,6.887221766,6.288133327,6.300656112,9.236668951,9.711655127,10.20528694,11.13808824,6.728990549,7.044433687,7.362466759,6.558024868,5.239763491,4.142138317,5.274920165,7.453693202,5.336392164,6.638848054,3.500071244,4.767924093,6.048825455,7.449130064,5.035621826,1.821819282,8.428077819,6.324268,8.39060509,4.440442903,7.220173622,7.733094194,2.838392825,5.674275511,5.125725544,4.849378943,6.501157028,5.874541174,5.934329501,4.221925304,7.94094445,8.985039314,8.602392893,7.059850582,5.315275582,2.321858432,1.405928534,6.550379809,7.463961336,8.847868718,5.272205457,5.021585591,10.03684301,4.252131445,2.035788489,11.42386305,5.898514263,7.220804849,7.657697403,5.414490848,4.685979299,6.214752807,5.702381966,8.269020972,4.677290545,6.401702101,8.419819587,5.905504883,7.337416458,7.030082695,10.49324401,7.273073983,2.789027325,3.968730935,4.683276051,4.100680758,6.864072647,7.074094703,9.641551214,3.849610678,8.875466396,5.915256248,6.332561732,7.866308275,6.306122033,3.197916626,8.060627653,4.779571952,8.943301697,2.404721524,4.43882507,7.5072348,8.111426163,6.570496706,7.948000718,7.674267836,6.920619866,4.260211395,9.442568298,3.91720027,4.310702132
NC.4,2.193405204,4.875310644,10.1599038,3.977092022,4.843771531,5.653692383,2.897454139,10.72416734,5.433654237,5.074496891,8.355917343,4.656808764,5.356533002,5.908947253,6.830291202,8.556312472,8.873660501,10.08936594,10.08616974,8.64402838,6.632991369,7.273263771,7.38669195,4.329615175,3.972505185,3.892048525,6.976566131,5.487823937,6.914876263,3.826462878,5.052300348,6.265518982,7.414239367,2.781555342,2.285027952,8.184230738,5.407286009,8.054077482,2.281629879,7.294940113,6.61010503,2.625818467,5.615810049,5.264123722,5.201737299,5.400213169,6.319094777,5.44181261,4.776458966,8.413351756,10.52798864,9.096140254,7.457891955,4.959034103,2.242403728,2.495622919,5.934329501,7.697034261,9.492674831,2.66021631,4.5694273,9.760040202,5.345186358,3.354462678,10.39489476,5.471592129,6.825750561,8.533003749,6.239265676,5.108695816,5.682665142,5.904388958,8.638850767,5.157444523,6.433671319,8.582523981,5.922277178,4.132321588,6.665079179,9.528330044,7.00407001,2.974794286,2.346994945,3.186610061,5.663950709,5.836765675,8.076909771,10.28881324,2.989076895,7.204566998,6.127173993,5.078427274,7.009521523,7.144516176,5.528858754,5.769425782,2.892605229,8.165558112,2.9814184,2.810203137,8.760827775,8.41975249,5.240551816,7.689005395,9.029273522,5.836359131,4.017585406,5.034650242,3.133018555,4.846623497
NC.5,2.034469507,4.917306095,9.978053954,3.165943724,4.848360991,5.094687626,3.713952462,11.00142752,5.408098903,5.232313868,8.638952809,4.961789333,5.54853266,6.163534916,6.94549551,8.896803451,8.787474473,9.806022654,8.223754801,8.103835414,7.212237403,7.811164059,7.497545507,4.829480438,4.043766611,4.354025421,6.959878411,5.75902627,7.270428332,3.404751793,4.524818877,5.968184013,7.700606042,3.026568331,3.271182955,8.591696807,6.429078789,8.007660921,4.788055354,7.224867641,6.486489553,3.198325216,5.928516739,5.975395237,5.283118332,5.191285525,6.493840125,5.539840849,4.512991489,6.984274419,9.384972088,8.690479436,7.504680146,3.846417383,2.567940246,2.413004546,6.227645659,7.983105228,9.3734132,5.166009784,3.848195843,9.733140407,5.302253705,3.196100977,10.99555605,5.930239832,7.098332988,8.661163929,6.143519308,4.650827834,6.378868823,5.91700414,8.861942672,4.797927415,6.189699965,8.414132562,4.497722712,5.01502979,5.63963333,9.751599137,6.977712382,2.601881216,1.930719113,3.977092022,4.099434573,5.240415112,8.528560577,10.57860831,3.44210209,7.771373784,5.728686418,5.481237478,7.287321333,7.291689699,5.564157724,6.547116658,4.143805158,8.514690112,2.903031004,3.299931489,8.57962368,8.650894579,6.309236838,7.011052742,9.20248721,5.469576053,3.624093729,7.361542523,2.985850988,5.383059792
NC.6,3.998543585,5.804745076,9.988719711,3.311092771,5.26200068,5.669688269,2.745613124,12.28693576,7.086283871,5.247927258,8.798625091,5.253207276,6.634613443,5.933538574,5.465251526,9.660827582,9.387085021,10.01946262,10.88685466,6.862056438,7.015012065,8.044577294,6.715894738,5.048577849,3.227902634,4.963318675,7.329067181,5.698678075,8.051195298,3.921788088,4.821095503,5.736698447,7.201440725,3.340821729,1.676114107,8.530051831,7.06298927,8.050643095,3.447825695,7.904783897,6.81873789,3.636341757,6.409262778,6.036324188,4.934251987,5.832927241,6.090470495,5.92993924,4.896576792,7.033020118,9.169196878,8.946450315,7.261424578,4.986978872,1.930821,1.942813795,6.106072832,6.988110416,9.028462007,4.389505841,4.84130184,10.65271416,3.856943392,3.7850006,11.51616225,4.339905836,7.245341356,7.919990175,5.474023416,4.550323294,6.1632263,5.619705459,8.495910713,4.951700597,7.038084934,8.093333635,5.206700652,6.736642047,6.947748,10.39233174,7.323366623,1.785425504,2.272765139,3.857770565,4.825812404,6.728969837,6.591553057,10.58217653,3.581071421,8.552582692,5.669330792,6.310790915,7.913346136,6.451980982,4.590362334,5.549154798,4.31533985,9.30735801,3.288969922,3.798094255,7.405779692,8.405279272,6.138142779,7.60921302,8.325024074,6.600849443,4.02829833,8.667796037,3.701367577,4.446440524
NC.7,3.199546379,3.046316064,9.473861082,2.422142149,4.217647579,5.756687926,5.125244141,11.54583468,5.766383644,5.136509889,7.588821265,3.870194684,6.875193357,6.061230069,6.698260354,8.192934136,9.06501575,10.24500784,10.91564301,7.335704693,6.968091166,7.266554382,6.272633488,4.325344072,3.805101712,4.61991142,6.715128723,4.943489876,7.410353339,4.028929745,5.388198126,5.454904831,6.765531183,5.068508265,4.932411473,7.086283871,4.927625822,8.615586387,4.985537784,6.966889402,6.96182158,3.063110273,5.769081258,4.578411595,4.129665257,5.266609428,6.031891391,5.730194196,4.680318067,8.310953915,8.456973038,8.283245236,7.525904166,5.819637832,2.155417778,2.431179301,6.179584777,7.707474202,9.121973528,2.779257816,4.592082736,10.22449787,4.63313611,4.589807991,11.15769692,5.935205762,6.774044288,7.541261809,5.034377966,4.984730619,6.435211275,4.872948052,8.456040342,4.955291485,6.310855675,7.655723083,5.504471856,7.030760338,6.489769635,10.13190661,7.102069253,2.233015439,2.419385937,4.10225499,4.170380707,5.262101578,6.942984569,8.68170221,3.17416296,7.970084579,5.440550592,6.193292545,8.300803506,6.239392364,5.281519597,6.00628187,2.045351293,8.726066164,2.218489967,4.59307402,7.947397513,8.326168233,5.649521969,7.913849542,7.167208444,5.840851279,4.115504808,8.795883611,3.704553571,2.072896872
NC.8,2.641599373,5.229951927,10.23051802,4.814114665,5.06564712,5.718383173,4.05966977,11.22775966,5.599157066,5.138789238,8.937135775,4.717627424,4.550921341,5.708459209,6.376826271,8.687943519,8.737654359,9.951607697,10.08841874,8.515922906,7.53098856,7.389739558,7.468095816,5.272451198,3.328892471,4.471898757,7.227449003,5.114153873,6.834229414,3.575107576,4.497438578,6.687019201,7.47030588,3.614994523,3.945199574,8.25003303,5.680374672,7.694407638,3.197036417,7.096901597,6.026421265,3.728708594,6.12094994,5.878780849,5.578247989,5.15520735,6.597138179,5.683067307,4.207024013,8.034149866,10.31698506,8.627935797,7.914417071,4.054407781,2.75463172,2.457215484,5.789402944,7.993957698,9.32367464,3.72941741,3.309091377,9.838595842,5.177630364,2.123381529,9.874832746,4.940196737,7.070860247,9.034382771,6.285470806,4.078925361,6.690937518,5.566279419,8.549616652,5.392232961,6.601248759,8.616600229,3.543270023,2.837971718,6.33361965,9.566221485,6.879976232,1.820131864,2.776469484,3.014227959,5.105489605,6.354059241,8.568427617,10.56175203,3.420284729,5.221376458,6.119683512,5.710614437,7.828684294,7.423273714,3.529474696,5.403352244,4.078805396,8.514249829,2.992535555,3.638829014,8.842817432,8.549570423,5.97224328,7.403724527,9.600223211,5.145793849,3.426997763,4.52757737,2.732045273,4.954476948
NC.9,5.277898711,4.856710399,9.889104891,4.114993366,5.193788975,4.828354606,4.614254413,11.95949621,6.19003005,5.232050782,7.525384748,4.071707209,6.154798846,6.389399169,5.826516109,9.016502277,9.594933926,10.11119757,11.11775991,7.260627026,7.230635583,7.353563128,5.831211754,4.61936557,4.254234073,4.659551615,7.845961282,5.870310005,6.462813206,4.069215836,4.683471518,5.971087048,7.140504279,4.374354687,3.27536506,8.062476113,5.95325249,7.853857731,2.698077784,7.040840909,6.94886986,3.933418806,5.858735306,5.291734213,4.522744442,6.346826882,5.87753562,5.684930378,3.928961706,7.894846509,8.639868291,8.717432174,7.583993496,4.708013765,2.766321044,1.691324316,6.706362551,7.01840723,8.890990021,2.88338941,3.3495219,9.968838816,3.487631428,1.970424815,11.80525866,4.658260664,7.032575812,7.441245793,5.176164156,5.249956301,6.367984746,5.653198127,8.760157104,4.802825525,6.203808959,7.951026586,5.523921937,8.456873557,5.975503602,10.13707926,7.370883218,3.08633622,1.97216202,2.802215902,4.37920156,5.278868643,6.949966141,10.30016474,3.401396954,8.726450971,5.599805462,6.102272286,7.90818047,6.197170261,2.983105386,8.462985555,4.012169326,8.998731974,3.004095969,3.094989232,7.947835623,8.521204527,6.925652469,8.163856495,7.650086815,6.706078646,3.618587604,9.878517653,3.10211742,4.228091631
NC.10,3.759460859,4.267619355,10.08616974,3.921102761,5.181735886,6.254900859,3.204381595,11.20138531,5.634537882,5.381310559,8.55210405,5.079568812,5.422480909,5.817592213,6.723197325,8.084868061,8.800716309,10.21623361,9.587128602,7.892176257,6.717598141,7.401580956,7.445524315,4.508231241,3.672670464,4.137175483,6.880138516,4.643360612,7.363769293,3.280688342,5.137766658,7.086283871,7.491355489,3.724608883,1.473650555,8.198904786,5.61344435,8.042756014,4.361149561,6.92978814,6.658732073,3.484526617,6.021566822,6.242865393,5.549579817,4.52525829,6.423992598,6.020697689,4.069427437,7.91620889,10.2650423,8.557078029,7.607739096,4.886028789,2.51666206,2.721186467,5.460996167,7.891596607,9.086984006,4.916818802,4.239895376,9.886282078,5.582218927,3.384684243,10.5748281,5.522026026,6.984368496,8.731441094,6.177145616,4.456922301,6.225095974,5.595016464,9.013373404,4.9710615,6.337440126,8.578071895,4.146636155,4.807360213,6.875545262,9.809759938,6.931913622,1.944647292,2.188426932,3.458323084,5.411202581,6.871739921,8.325221106,10.34749075,3.221088843,7.637554549,6.386406391,5.664991481,7.119671368,7.384545117,5.236822996,5.564255477,3.086466443,8.806825299,2.995986571,2.514639851,8.68139628,8.789431855,5.779006217,7.235613601,9.292816935,5.90589512,3.755293759,6.96274959,5.054142587,5.11025805
NC.11,4.650827834,4.82867976,9.895304385,2.085229941,4.150427865,5.211543096,4.126460411,12.29757198,6.484917774,5.828336497,8.674603454,6.043228202,6.163344703,5.852464857,5.229668046,9.400221548,9.65401784,9.895753723,10.49324401,7.691485501,7.460799649,8.329752454,6.608220105,5.101427868,3.275085775,4.99642161,7.148954766,5.41525598,8.688758658,3.655151549,4.679844574,5.713325897,6.859642584,3.687398428,3.643765481,8.55772899,5.864684018,7.968336939,4.720486335,7.048386311,6.079947382,4.272566632,6.82982616,6.993319449,4.945740517,5.953191394,6.047736747,6.988520602,4.58033372,6.88012515,8.962081015,8.61878101,7.848797953,4.96390942,1.914071579,1.17029868,6.646895265,6.595659493,9.407383748,2.208892057,3.567493155,10.29651725,3.96123756,4.370570488,11.24375972,6.214474677,6.98690733,8.395207437,5.974314194,3.870542459,5.880011357,5.080256297,8.238143197,4.804203957,6.317866827,8.093,3.73401494,6.570496706,6.7021316,10.5748281,7.268616403,1.933369224,4.876304597,3.796960079,4.965889189,5.689355673,7.197219224,10.06331223,3.154621122,6.911855588,5.936472065,5.789907965,8.2160408,6.713239157,5.692971519,6.233589131,3.504632217,9.337476998,4.339356253,3.070511912,7.537497536,8.557359329,5.767686579,7.025198643,8.961698287,6.213364245,4.493140984,8.721169188,3.340731378,5.069743631
NC.12,3.851641022,5.342577258,9.982796058,2.041641822,4.34578471,4.222557854,1.121357407,10.98046974,5.433654237,5.071268687,8.020160102,5.215090455,4.931922044,6.018264949,6.522307178,8.499715262,8.854180914,10.10545548,9.929173545,8.646711354,7.150823745,7.048386311,7.212021233,4.770633034,3.683156542,4.464461722,6.139218054,5.803258686,6.39115819,3.618615946,4.62545099,6.42378801,7.505912853,2.97673772,3.313914578,7.686627443,6.777203765,7.824495972,4.687148926,7.358167928,6.44306702,3.359288939,6.337535961,5.245965779,5.401417851,4.592650916,6.366700996,5.794760175,4.638352356,8.067242558,10.14706742,8.332040784,8.200777166,4.464118169,2.21783266,2.368498531,5.599402929,8.147800389,9.537379207,3.642205038,3.654253086,9.749749989,5.670300718,3.480188169,10.43171512,6.120073452,6.966718245,8.267172826,6.056324052,4.70545609,6.522148541,6.127116339,8.741223815,5.573988417,6.388280367,8.736406074,3.217781372,3.944486231,6.957955971,8.949905473,6.772452347,2.098671441,2.2249327,3.282470434,3.142351574,6.26101871,8.561450339,9.895304385,3.181482101,6.247957107,5.930099152,5.22512058,7.125894317,7.032057073,4.78967589,4.460985832,4.049477953,7.663775037,4.056328901,3.503389859,8.924899392,7.565360891,5.827302152,7.127617036,8.988800694,6.065836432,4.038011026,4.650896858,3.641845384,5.750742289
NC.13,3.673841886,4.846104366,9.980626135,2.24425979,4.834202544,3.547661223,4.689393101,10.80858613,5.183919158,5.26534834,8.209349779,4.679787135,6.199916125,5.972699213,6.123442644,9.10299085,9.075831712,9.487204511,10.36819883,7.764813408,7.409885828,7.466700426,6.643570691,5.314002976,3.314201833,5.383599633,6.510359127,5.456062121,9.722271647,3.290458632,4.335848649,6.476140837,7.018509014,3.586379832,3.188275315,8.452274981,6.209108746,7.580871936,4.447232049,6.5485034,5.993900354,4.596378793,5.913268225,5.929271148,5.151940103,4.971952171,5.879751487,6.70216353,4.261878596,7.410353339,9.734684073,8.912904583,8.174583146,4.995633764,3.419288243,1.770159884,6.329183795,7.642247082,10.18805915,2.126571028,3.739862109,9.668208344,5.028077593,3.034565111,11.17371134,4.79396818,6.534322209,8.40875891,5.668362255,4.697584286,6.154192584,5.300518057,8.098218761,5.654706931,6.290267633,8.216554043,3.995524748,6.59377069,6.686323666,11.06766756,6.816483628,2.655575768,2.330759748,4.026465248,4.480355648,7.259221015,8.067471228,10.76656639,3.464285169,8.973390846,6.071458518,5.208694025,8.349242879,7.063642075,5.214852273,7.40923686,1.800819769,7.468361643,4.959840921,2.679950725,8.409357508,7.607459805,6.087507312,6.754907481,9.743942916,5.361991641,4.193114323,7.558218962,3.820399851,5.209205482
NC.14,3.946930293,6.029505988,9.521200612,1.295267859,4.716353534,5.557182759,4.174007345,12.27201162,6.032593983,5.029532523,8.038203498,5.384817947,7.167603626,5.808441364,6.679686538,8.703791531,9.357688682,10.52030857,10.52764882,7.234839141,7.006725349,7.330422398,6.690116444,5.214362208,3.653214191,4.968258173,7.482981026,5.524491271,7.638228153,3.617929703,5.394924143,7.156953918,7.243679939,4.543351013,1.406540805,7.877239791,5.537590118,8.510612535,5.027073368,7.465813333,8.109824564,3.487362546,5.767987364,6.090353276,4.844724569,5.810072372,5.956477502,5.806393314,4.394477888,8.682551058,9.962973124,8.666509093,6.996161402,5.333408094,2.079660891,2.28704856,6.514800471,7.30480376,8.61116339,2.425957596,3.225449612,10.18075607,3.739117694,3.825601977,11.29878056,5.678603436,7.406208919,7.589730376,5.681281555,4.516719316,6.184398792,5.387302033,8.385286359,4.680490783,6.283176431,7.995911303,5.457614904,8.593257172,7.066316418,10.37454053,7.593687729,2.804519698,4.38920617,4.367056141,4.065638399,6.977988582,6.899021519,9.801610073,3.298084589,8.678145085,5.900108116,6.720260013,8.007073282,6.55882896,5.138305435,7.91255886,3.648773689,9.130810243,2.689016523,4.137278126,8.106544261,8.417241744,6.622715116,7.782601401,7.529134724,7.008342515,4.072386931,9.951116354,3.437064233,5.273701019
NC.15,3.026417165,5.066452825,9.929173545,3.371349565,5.069743631,4.662291878,4.955001099,11.16853855,5.143653599,5.344847831,7.608329383,5.34434729,6.107407974,6.006763807,6.505171149,8.401308241,9.604950953,10.2754653,10.37768705,8.345473251,7.115449131,6.611948356,7.255176638,4.841857187,3.152100956,4.471818019,6.85065596,5.381076101,6.635582699,3.492222155,4.745059471,6.522434971,7.391750615,2.844744012,4.247477098,7.320879507,5.521527709,8.259360629,2.923767446,7.252060517,7.441186075,3.092234476,6.257172817,5.86308429,5.282475423,5.202684684,6.023760732,4.921742992,3.701044945,8.490723613,10.63080869,8.255315107,7.501940128,4.890127565,1.866062217,3.089847629,5.7379805,7.568398345,9.38934953,4.581094011,4.833430119,9.91788431,4.789599158,4.765488143,9.984382428,5.256985916,7.112490796,8.104690834,5.941461298,4.712244538,6.170729333,5.98270609,8.534968698,5.551602356,6.035114329,8.445035744,3.492030038,4.115286703,6.383062958,8.939709792,6.42078829,1.8619584,2.408775999,4.02837009,3.472858368,6.160491751,8.531555607,9.899639082,3.545215094,7.050979299,5.653306215,5.39968555,7.155660744,6.679471105,4.922552913,5.658424549,2.726758451,8.226752686,2.32379011,3.521198556,8.942925446,7.917785176,5.547245861,7.05434154,8.534184976,5.74044774,4.010372577,5.484269972,3.503801287,5.290298666
NC.16,4.514846213,5.00213773,9.525608171,3.739456407,4.774370661,7.232372377,3.458736724,12.1190769,6.082205974,3.48410297,8.159967993,5.583927892,6.983624816,6.09443604,6.135602955,10.01357492,9.056046054,10.18052795,8.954123632,5.895141097,7.081855406,8.494506828,7.749979784,5.221806736,3.692221823,4.497435717,7.368715079,4.756581795,7.099614179,3.867676895,5.234837766,5.812378248,7.322818981,5.815695475,3.1117667,8.932328894,6.585692053,8.37897442,6.159267375,7.82699431,7.371454638,3.971823623,5.678603436,6.97402943,5.480501816,5.741660093,5.972058578,5.567558843,4.32944636,7.830812752,8.350570569,8.523731893,7.270428332,5.023055544,3.153671144,1.312750015,7.45287981,7.432330783,7.81915836,1.938802886,4.222470442,9.697969859,4.998890599,3.115603045,11.78226283,5.088808196,6.892579666,8.56157985,5.399244626,4.94595705,6.27770729,4.477931979,8.499024676,4.460387385,6.363163989,8.448007144,5.252964293,9.978053954,6.86812132,9.924928797,7.48086175,2.127188789,4.648370344,3.726123871,5.232577113,6.352765111,7.061172212,9.736666701,3.295049182,9.689711313,5.733219376,7.141261247,8.002045494,6.607489531,4.43161499,9.631713865,4.212130893,9.443247789,1.893334317,4.524432385,7.696588022,8.317381012,6.152575144,7.436347751,8.296512641,7.032442518,3.319857359,11.81309285,3.101689077,6.196804131
NC.17,3.505874098,4.878360853,9.367385888,3.035377595,3.814474379,7.104997942,4.83055208,11.72554112,6.479751032,4.547178695,7.625528894,4.411316618,6.687758994,5.997644915,6.570900624,8.76192716,8.740386835,10.34166437,8.875541856,6.72582667,7.242382916,7.790132348,7.921943425,5.360550866,3.808876819,4.449105318,7.028208898,4.626489024,6.875075085,4.025953088,5.87992636,5.540817138,7.323399292,4.186619923,2.429072196,7.793870039,6.023267037,8.798950795,2.297720586,7.952845653,7.35616011,4.092637326,5.378009326,6.635276525,5.712315425,6.059902856,6.067054156,5.501680652,4.656500006,6.27350503,8.729313198,8.684356032,6.339452,4.561780701,1.794558582,3.003394558,5.917544813,8.09705357,7.858503681,4.590614118,4.248425928,9.862606348,4.737120947,1.377926541,9.644782376,5.103186232,6.836203468,8.475768456,5.377731945,3.872940706,6.232958982,5.708017312,8.753869762,4.558043983,6.032896006,8.09783599,4.030567958,3.771958698,6.867225676,10.09539678,7.445070942,2.72907706,1.944461124,4.816462466,5.318303106,5.540742048,6.742626684,8.69852344,3.352451152,5.8544227,5.494497241,6.609330404,7.738680387,6.607394934,4.25521696,6.010363094,3.19751016,9.257878672,2.885004176,2.929375857,7.853768198,8.459902452,6.116891902,7.14055249,7.866308275,5.905838188,3.336204882,8.601175507,3.334265084,4.055029353
NC.18,2.098244936,5.220736908,9.259326826,3.899293443,4.575866461,7.089421615,3.986612311,12.27201162,6.38805735,4.768848395,7.89482625,4.939215453,7.063708691,6.039363301,6.648059873,10.07481245,8.895780507,10.38637083,10.0112136,6.291497223,6.869577605,8.59738252,7.569459536,5.327864548,3.459856243,3.978174301,8.026680052,4.982884664,6.875075085,4.085009484,5.562257253,5.723456684,7.326294582,5.853358348,4.333782726,8.380304434,6.426179917,8.704481562,5.96288784,7.696055759,7.55237721,3.367270757,5.220020182,6.749035398,5.498458995,6.039752452,5.961932331,5.223051305,4.048921146,7.207635053,8.376108221,8.638850767,6.795260447,2.818898009,1.891781233,1.648524847,6.440590164,7.684249613,7.492006565,3.102488369,4.246050713,9.691408548,4.494425794,3.525933664,11.48802864,5.853426357,6.899840404,8.13023465,5.143774444,4.446440524,6.107249072,4.883527744,8.616294648,4.78471288,6.293187813,8.499086292,4.96034374,9.495435892,7.131284527,10.57860831,7.702505838,2.266188599,5.33047673,4.017457306,5.25142141,5.984090282,6.247677467,9.096140254,3.20773022,8.985475576,5.713120563,7.005652492,7.729682296,6.521664168,5.12576608,8.251791374,3.845260096,9.553099026,3.013790596,4.779412074,7.870475047,8.264368132,7.548897153,7.651094746,7.724932357,6.959953111,3.790031755,11.63079542,2.994036373,5.112460354
NC.19,3.841520158,4.512542558,9.507675089,4.09127818,4.911467815,6.737366665,3.885756296,11.72554112,5.837289619,5.202247923,7.838169113,5.275673906,5.728400586,5.683425876,6.726129768,8.09944243,8.962821021,10.24525888,9.414456283,7.495248345,7.184109076,7.894846509,7.330969905,4.958255052,2.985117804,4.470483524,6.83822745,5.300107992,7.717359492,3.501889118,5.434463317,5.969004554,7.43351694,4.163127961,3.967256007,7.567442433,6.531902085,8.675548262,2.993259062,7.700587139,7.720286793,3.892440681,6.244350661,6.221338569,5.398392906,5.584804839,5.844837797,6.027278076,3.44519837,6.395199105,9.605871537,8.774289121,7.067446955,5.170750383,2.941390125,1.66689556,6.111046286,7.769703662,8.712126899,2.071213492,3.924079384,9.706836449,4.548491722,3.261639624,11.60144629,5.020599887,6.65382675,7.773632231,6.140860942,4.490712647,5.97113651,5.609397469,8.827844134,4.596001583,5.849652824,7.778830807,4.615040863,6.163805273,6.998942609,10.34749075,7.647971047,2.523024209,2.276039182,4.00094848,3.439450901,5.856911293,7.290939937,9.032554183,3.626989022,7.942830445,6.148605127,5.51946572,7.399391896,6.648072201,4.315807697,5.925362956,4.067112355,9.087815136,2.5279262,3.346118545,7.679814442,8.713374405,5.877342683,7.504208169,7.702582966,6.711122714,3.885829461,9.321586955,3.199546379,4.464118169
NC.20,2.187599386,5.448501074,9.475439116,3.644971096,4.74553902,6.676390104,4.185594394,11.78226283,5.829394291,4.117391408,7.653022733,5.047883769,6.783000574,6.028646341,7.082303406,8.975246933,8.594019593,10.36407525,10.440717,6.57585194,6.84042182,8.057087752,7.166585762,4.393137515,3.815485448,4.116516671,7.20261715,3.878220969,7.216497218,3.544580305,5.770676529,6.671218601,7.225494467,5.342029522,3.915485277,8.047028122,5.974868101,8.63424884,5.63111387,7.82530424,7.704248513,3.833464141,5.258476765,6.158123472,5.213400987,5.685595472,5.726494899,5.59709789,4.302269696,8.008255329,9.669594628,8.380988584,6.519009866,5.347404229,2.955330504,2.468704212,6.630595152,7.792295379,8.010775629,2.63414165,4.009198998,9.515619739,5.380233324,3.296575491,10.95979686,5.110504308,6.870725354,7.965203055,5.392585508,3.894497402,6.012093221,5.066452825,8.707107664,3.871619102,6.279316519,8.334952297,5.032325789,8.104422951,7.162648791,10.19191641,7.282537304,2.881194463,2.912786231,4.050052773,5.312757268,6.39404869,7.191522313,8.996421413,3.573714402,8.048487005,5.652552894,7.128048255,7.677222473,6.724466705,4.812159314,7.161584353,2.957697852,9.177354461,2.110177573,3.9165501,7.996704465,7.974365847,6.400777673,7.359077443,7.071165164,6.306925741,3.017841841,11.35391937,3.424593534,5.978792522
NC.21,4.874263132,4.534163332,9.606595839,4.549190473,3.966591286,7.15631404,3.865256818,12.5129431,6.107583772,4.45292718,8.840179156,5.95162231,7.316880538,6.318836388,6.439315698,9.329104051,9.174695632,10.01556961,8.926303685,6.522068227,7.054715667,8.709569568,7.739388188,5.38577539,3.880527301,4.510909954,7.790537626,4.630602782,7.888887048,4.777884976,5.329132955,5.898812103,7.488777431,5.083037294,4.907475941,8.717432174,5.893726437,8.348836528,5.638692971,7.360393607,7.130052189,3.32844964,5.780678339,6.617570319,5.354721376,6.029192823,6.253899204,5.84847744,4.649191131,7.876163189,7.973567214,8.808445841,7.216497218,4.482282967,3.823783934,2.392196342,6.924094746,7.364193145,8.358652457,4.494358891,4.567322274,10.02195157,3.827988819,3.193298288,11.71048316,5.300303155,6.960021781,8.764941198,5.55883839,4.337101464,6.32818634,4.915258448,8.713090471,4.660918467,6.714288533,8.566153967,5.269144147,9.53490405,6.867279114,10.15728209,7.392934923,1.82723678,4.805309181,3.822082504,5.389531209,5.479287047,6.629077716,9.914394424,3.373068742,8.835265463,5.729828396,7.239059102,8.350677415,6.578942446,4.847147118,9.337749209,3.421078899,9.390389437,1.871377816,3.928146559,7.797483311,8.732384331,6.218129397,7.511920325,8.804561918,6.278988943,3.693284809,11.61579203,2.816546274,5.684930378
NC.22,1.994893966,5.039315914,9.291431448,2.104125295,4.734826688,6.278157872,4.014563341,11.11242965,5.633489009,5.068759836,7.825248425,4.784501838,5.679199148,5.688301563,7.022246711,7.483390085,8.855105708,9.980837827,10.50940843,7.494771142,7.139788131,7.677222473,7.145347376,4.494095812,3.698396889,5.040376193,6.83469435,5.157760142,7.109467654,3.419274664,5.162264122,6.146998821,7.554885176,3.640397092,3.970081927,7.979578419,5.891063016,8.765679815,4.917702008,7.372121882,7.496106601,3.580249531,6.507348662,5.967861982,5.214762482,5.280137697,6.043612241,5.688310693,4.787021557,7.090931491,9.746011504,8.627054178,7.034971007,4.986222539,3.182653218,2.371003749,6.373195549,7.865830373,8.802973591,2.329016915,4.678317729,9.156981004,5.688828072,3.432610448,9.072487224,5.74887215,6.278687116,7.668874002,5.820195347,4.375399531,5.943201305,5.992802079,9.045945796,5.012851146,5.965389742,7.88913749,4.972551345,3.302273299,6.918996266,9.920684719,7.492778654,2.869882301,2.349044406,4.326460626,4.780694804,5.905435874,7.480670187,8.79100725,3.282141161,6.135694289,5.868864626,5.846364176,6.714814579,6.56649355,4.973543112,6.043440754,3.49415772,8.767842382,1.843876415,2.783733008,7.839369171,8.754740412,5.591793958,7.050056535,7.583993496,5.686633446,3.611331803,8.680286942,3.128309148,5.393217073
NC.23,4.634789714,4.908207018,9.566221485,2.277272477,3.176232314,5.53045345,3.945536522,11.84124522,6.028157172,4.724053966,7.699192693,5.04385716,6.651288833,6.496853868,7.065148582,8.679270844,9.298170761,10.11233443,10.47108029,7.101569376,7.387196907,7.292867424,7.120749179,4.557278478,3.948671265,5.11891891,7.26348155,5.638229103,7.08861191,4.331784819,4.766069927,6.195905133,7.407786363,4.207272583,2.776074107,7.863188995,5.958690446,8.368322003,4.347322427,7.659565234,7.968983624,1.404619086,6.412659189,4.85991074,4.880121002,5.21859647,6.073523577,5.788151775,3.806919221,7.789604673,10.24878607,8.541510861,7.300424832,5.529588951,2.119418953,2.551413498,6.390835575,7.770735497,8.736217612,2.341491408,5.289333364,9.641575987,4.084366494,5.294173005,11.48112432,5.384817947,6.599288312,7.66163947,5.5559148,5.022302976,6.048793935,5.105972603,8.764764113,4.60258358,6.080573125,8.037693333,4.428024076,6.438731058,7.036984102,9.918697773,7.592660019,1.443500353,2.797248868,3.473635905,4.032277413,5.661515033,7.01733886,9.470742528,2.9782902,7.464960492,5.710548276,5.662981406,7.276100149,6.520560189,2.980609096,6.412220665,4.084064093,9.063565261,2.004395968,3.167746376,7.929200235,8.530046322,6.052961887,7.604044276,7.584907491,6.680136661,3.581952444,10.1249746,2.693025962,4.654743525
NC.24,4.399373897,5.026954925,9.411770685,4.88218153,5.362613051,6.531177441,2.415397326,11.89637408,5.662197242,4.731869575,7.585053856,5.165477967,6.583646579,6.26787477,7.076601059,8.696923461,8.856130349,10.05304901,9.757023134,7.168469374,7.40417396,8.008255329,7.942423516,4.654995991,3.699378419,4.910993634,6.787324903,5.197377669,8.380988584,3.862658704,5.254729986,5.941083451,7.275101455,4.762602266,3.387668599,7.561356814,6.057757324,8.57427669,4.967483082,7.540982315,7.413749473,4.300505083,6.126574486,6.361904786,5.235266251,5.934292715,6.035430452,5.582093324,3.842975561,7.451112039,9.088250411,8.575867424,7.37052047,3.961769381,3.592395069,1.703466972,6.682862105,7.33527177,8.202557235,2.4930582,4.526953675,9.384236942,5.324095173,3.877337108,11.61391695,4.545243466,6.573224425,8.321914958,6.154749149,4.917551539,5.629001705,5.746711333,8.993300726,4.642497624,6.022024367,7.899477336,5.667981801,8.18887855,6.5990721,10.58544813,7.418273683,2.820052341,4.480903395,3.982207646,5.783116015,5.468785705,7.344312356,8.685279337,3.429168452,8.634064942,5.874917939,6.954755909,7.2953711,6.805623816,4.938747153,7.648472976,2.610061721,9.049654125,2.788168936,2.401032714,7.874875207,8.501155645,6.237010785,7.471638841,8.005920717,6.169253759,3.52745381,11.06253946,3.302273299,4.956514652
NC.25,2.62299595,5.578963305,9.858846695,2.393752984,4.458021641,4.923573871,4.110180515,11.16310359,5.267173946,5.57460116,7.725078164,4.430228768,6.675765532,6.342432056,6.605934549,8.412570963,9.3333236,9.948569155,10.58851329,6.993399123,7.417459091,7.729129798,6.6137189,4.976857202,4.636489108,5.197697099,6.409134795,3.826753448,7.376193624,3.987224818,5.138729306,5.797497606,7.570766025,4.050152736,1.390126312,7.983738239,6.017004174,8.53298768,2.374138184,7.692558816,7.295235098,3.220961475,6.030893054,4.742721721,5.250592273,5.078816876,5.826716759,6.05892099,4.798068837,6.872247102,9.497716944,8.500479445,7.020270491,6.011503141,2.247783346,1.951156985,6.599711228,7.53145868,8.982087921,2.524160612,4.273965578,9.842345748,4.323515889,2.713958827,9.553330956,4.821879673,6.867899407,7.371027587,4.997925485,4.456361943,5.668554704,6.099906035,8.851172698,4.956687878,6.487228437,7.737168531,5.122058347,4.482831984,6.764398412,10.58217653,7.421682773,1.295040919,2.345742097,2.965745867,4.390930558,6.487911837,6.986915152,9.492383901,3.822455223,5.864257711,5.600104002,6.279870913,7.475461612,6.099458165,4.975368269,6.236703882,4.016582092,8.644915727,2.741226059,2.66327514,7.812958772,8.613262606,5.931704929,7.807187899,7.326208116,6.181708863,4.056655874,8.059900302,4.217925921,3.838352485
NC.26,3.783246379,4.887560546,9.366193592,1.616431739,5.225629837,6.55715536,2.553722768,12.22354596,6.065699054,4.418224364,7.801079812,5.040839992,6.723599285,6.361071824,7.118389115,9.290045834,9.016502277,10.4101227,9.090522854,6.272071625,7.050056535,7.920689522,7.63760334,5.235378741,3.972244637,4.37468756,7.296613166,4.692057983,7.061024508,3.869310515,5.010820652,5.893726437,7.402725229,5.052233682,3.241082712,8.013168571,5.923971631,8.584216322,3.276632249,8.380988584,7.608337046,3.780394629,5.507549543,6.642722257,5.359949855,5.710310586,5.73507027,5.964622585,4.763441948,7.193107361,8.939826366,8.278938028,6.983876151,4.641270985,1.977452736,2.263003323,6.359473259,7.505598757,7.874795331,2.663138164,3.440983149,9.553718702,4.70767944,2.376780302,11.56689509,4.008596725,6.794472303,8.146694225,5.65075252,4.006891903,6.179947138,5.326795439,8.689620146,4.511321025,6.472725119,8.402300215,4.9689655,8.996421413,7.317568268,10.0587739,7.375059894,2.587129012,3.581785821,3.943476903,5.950496585,6.499087243,6.555377893,9.07046463,3.154416577,9.111658555,5.894273805,6.635926089,7.63476786,6.813598002,4.677742112,7.520661695,3.709451106,9.431062975,1.947120703,4.08970934,8.050421315,8.05197303,7.37757402,7.227325136,7.560330751,7.16186714,3.540060651,11.19553298,3.391192258,4.629647851
NC.27,2.31397944,5.444635239,9.856780941,1.88946188,4.611453278,7.379808393,4.708013765,12.18112781,5.873702205,4.206757085,8.22671849,4.995384614,6.963827409,5.710130248,6.386895128,8.691469828,9.043683904,10.27888678,9.629827938,6.446514848,7.207191715,8.347012699,8.001437704,4.233717606,4.293080081,3.959235068,7.329925767,5.14934028,6.896279497,4.573967971,5.123004376,5.129580688,7.378128133,5.181919688,3.447759877,8.642366504,6.84042182,8.548651675,5.183843006,7.803674851,7.148732171,3.303110997,5.731969648,6.787456646,5.226829057,5.62612031,5.882012323,5.710104624,4.7092462,6.918988374,8.328249433,8.801648698,6.893575781,4.38747673,3.579749183,2.235315124,6.521061923,7.987835749,8.176082344,2.420547757,4.508523565,9.612479614,5.462065243,3.570611836,11.23267241,4.560133605,6.799714064,8.50182234,5.102694659,4.372537345,5.976447801,5.236599066,8.765643548,4.694949328,6.275147664,8.617648736,5.237527459,7.394606946,6.736785386,9.937522663,7.366594399,2.405652277,3.077933947,3.898929959,5.304410301,4.984265718,7.125851956,9.440072727,3.546063168,8.543033809,5.587703426,6.548824025,7.891064315,6.6015209,4.700264123,7.149903229,4.31947499,9.449438738,2.103295185,4.032884085,8.111715019,8.416030243,6.814625104,7.099614179,8.09705357,6.507229318,3.710130079,10.80175026,3.108067494,5.3307537
NC.28,3.638936869,5.098452338,9.356164733,4.157597267,5.031823183,6.679539786,4.407532497,12.14669222,6.111932497,5.077480656,7.985058133,4.720058192,6.908957072,6.160044864,6.926275603,9.085599229,8.945237366,10.33502215,10.22795993,5.838140111,7.302150688,8.002627409,7.295493522,5.461249757,2.92446323,4.509183816,7.156387271,4.847652291,7.524064469,3.94927597,5.060847612,6.677775553,7.279997587,4.946805495,3.289783856,7.857533468,5.882782329,8.557211566,4.042438971,7.674766775,7.72211155,2.812356381,5.655535564,6.552693126,5.427110603,5.561282444,5.545825821,5.082500522,4.536953595,7.692558816,9.919661611,8.479075493,7.424505041,3.088651085,2.035809718,1.494868802,6.042944693,7.747577337,8.101593312,2.520458385,4.508885366,9.771324684,4.880572909,2.67823355,11.32766414,4.489856753,6.853567703,8.032307189,5.511810211,3.948656551,6.259625702,5.204188438,8.562584103,4.3386141,5.981315636,8.171561179,5.275447459,8.050007308,7.177067835,9.965754468,7.349388586,1.902287124,3.628104586,3.91293159,5.291688155,6.034258036,6.775466283,9.296795355,3.409665896,7.773396554,5.623287444,6.632991369,7.4346135,6.765497087,3.158770805,6.701387034,3.582878569,9.344001501,1.833958571,4.16422489,8.115209462,8.051427408,6.465399365,7.306539329,7.394154766,6.746590137,3.521583467,10.50547426,3.212127519,5.33851583
NC.29,2.811093661,5.168270669,9.487940011,4.952967653,4.346985272,6.734736097,4.020855964,11.87608045,5.692400252,4.325650641,7.263360212,5.056467539,7.222191499,5.700897095,6.78475237,8.568325244,8.632906846,10.41971145,9.28856836,6.708412185,7.235228096,7.650597716,7.450691576,5.300079232,3.945033968,4.693102914,7.519058946,5.063854432,6.991222824,3.549218245,5.609484263,5.747241291,7.279937506,5.040257639,3.38960052,7.803674851,5.300968125,8.610290841,4.824505204,6.880916371,7.683895323,4.31195064,5.228358373,6.339676576,4.955470038,5.862394989,5.842309348,5.499147234,3.326497957,8.628800793,9.128041476,8.600825113,7.567894099,5.179679311,2.409958359,1.73229452,6.569094796,7.604044276,8.053354915,2.368887767,4.919500145,9.607389429,4.380729783,3.635187999,11.16310359,5.190393159,6.784621725,7.901916625,5.407970635,4.251966156,6.372934631,2.691468404,8.650912052,4.457608743,6.238813423,8.139454824,5.508888256,8.027462411,6.804506013,10.12464388,7.566587312,2.193031822,2.570724152,3.620165627,3.730463104,6.966940075,7.222316856,9.118480188,3.277534313,8.545927315,5.952080996,6.64252561,7.24964645,6.717924022,5.49985724,7.785938708,4.10034361,9.149659468,2.88065641,4.073417123,8.112426655,8.303370879,6.623694766,7.51290426,7.570395163,6.109365868,3.933248501,11.33488453,3.053239041,5.599632723
